Id,FirstName,LastName,Email,Age,CreatedAt,LitersUsed,UpdatedAt,IsEligibile,IsUtilized,ConfidentialData
1,Karie,Clogg,kclogg0@bing.com,75,2020-12-25 02:31:45,22.13,2025-11-29 20:24:23,true,true,27293-012
2,Anastasia,Ashpital,aashpital1@house.gov,47,2023-06-04 19:06:53,6.69,,false,,36800-886
3,Gareth,Kalb,gkalb2@utexas.edu,32,2026-01-05 17:37:42,62.4,2022-05-14 21:35:18,false,true,
4,Yettie,Burry,yburry3@baidu.com,57,2021-01-22 21:48:19,54.69,,true,,
5,Meredith,Faunt,mfaunt4@businessinsider.com,67,2021-12-05 16:25:52,,2013-01-09 02:13:29,false,,
6,Armand,Stockney,astockney5@time.com,82,2013-08-13 18:03:04,94.26,2010-11-12 08:00:11,true,,
7,Carol,McReath,cmcreath6@nba.com,26,2024-07-18 12:10:31,94.41,,true,,41520-502
8,Lawrence,Thornewill,lthornewill7@sourceforge.net,41,2018-10-30 19:05:26,,2021-04-14 16:04:12,true,false,49035-615
9,Jaquelyn,Scopyn,jscopyn8@so-net.ne.jp,32,2017-04-27 12:00:04,92.11,2013-11-03 23:01:25,false,false,
10,Michail,Hollindale,,84,2018-10-14 17:11:34,69.29,2018-04-12 10:15:33,false,true,
11,Regan,Licciardo,rlicciardoa@linkedin.com,25,2018-01-16 19:44:01,35.46,2020-10-27 11:28:01,false,,
12,Giuditta,MacKintosh,,98,2013-06-09 11:43:17,34.86,,true,,58668-2791
13,Brianne,Currom,bcurromc@ftc.gov,60,2023-08-04 03:46:22,3.11,2012-02-06 22:15:28,true,false,
14,Syd,Arnholz,sarnholzd@nba.com,49,2016-08-04 10:50:13,91.71,2010-10-16 16:07:36,false,true,
15,Arvy,Ferie,aferiee@artisteer.com,97,2019-04-02 22:19:02,27.29,2018-04-04 10:46:07,true,,
16,Danita,Jerome,djeromef@bbc.co.uk,37,2015-07-06 18:23:18,18.6,2021-04-19 13:43:22,true,false,
17,Keir,Reddin,kredding@wikimedia.org,56,2013-10-27 14:55:04,11.26,2026-03-23 05:19:47,true,true,
18,Moreen,Hincks,mhincksh@youku.com,60,2017-03-03 16:04:40,0.92,,false,true,
19,Lorene,Loyns,lloynsi@mtv.com,61,2025-06-30 01:11:45,,,false,false,
20,Georgine,Kettow,gkettowj@theatlantic.com,80,2015-02-11 14:56:25,,2022-01-02 10:32:06,true,true,
21,Tyson,Spellesy,,36,2014-09-08 04:34:36,,,true,true,49738-168
22,Bibbie,Orton,bortonl@hubpages.com,72,2018-04-25 02:57:10,26.51,2011-02-12 00:50:15,true,,37205-370
23,Shem,Baudassi,sbaudassim@fastcompany.com,79,2023-01-08 17:44:18,,2015-10-21 17:04:13,false,false,
24,Hagan,Lushey,hlusheyn@sfgate.com,53,2017-02-09 03:38:38,,,false,,
25,Kellen,Raybould,kraybouldo@usgs.gov,76,2023-03-15 12:17:56,,2021-12-11 21:47:48,true,false,
26,Betsy,Keddle,bkeddlep@blog.com,63,2012-05-27 07:58:01,,2016-09-28 17:40:49,true,,
27,Bettina,Blackwood,bblackwoodq@examiner.com,18,2021-10-27 08:40:22,77.26,2020-09-10 02:51:07,false,false,
28,Clim,Lawlie,clawlier@salon.com,18,2012-09-30 21:25:23,74.06,,true,false,
29,Moina,Fallen,,23,2010-12-26 11:48:32,74.52,,false,true,
30,Cesaro,Froment,,84,2012-11-03 00:09:49,,2014-12-02 03:07:17,false,,
31,Carney,De Bruyne,cdebruyneu@toplist.cz,45,2018-10-23 10:58:54,,2020-05-22 03:12:23,true,false,54891-001
32,Charleen,Standrin,,26,2020-10-03 09:13:09,19.51,2013-04-26 04:49:58,true,,
33,Bryon,Eberlein,beberleinw@facebook.com,25,2024-01-01 17:11:47,,2020-01-28 09:14:01,true,true,
34,Darryl,Brokenshaw,dbrokenshawx@fc2.com,40,2010-10-16 02:44:58,12.25,2025-07-19 01:57:46,false,,
35,Sloan,McGooch,smcgoochy@abc.net.au,18,2017-04-26 22:35:53,,2015-12-17 13:31:41,true,,
36,Augusto,Giacobo,agiacoboz@nature.com,90,2020-07-25 05:26:15,58.93,2015-03-23 22:51:52,true,true,
37,Sergeant,Chubb,schubb10@vistaprint.com,70,2010-07-02 18:30:16,,2021-09-05 18:32:59,false,,
38,Ahmed,Kennon,akennon11@vinaora.com,50,2013-08-07 13:13:58,1.53,,false,false,
39,Markos,Pinnion,mpinnion12@usgs.gov,72,2020-04-09 11:07:31,20.26,,true,false,
40,Patricio,Peskett,,74,2023-05-23 09:41:29,92.8,,false,true,
41,Aridatha,Blount,ablount14@accuweather.com,21,2026-03-17 14:04:09,66.04,2016-10-08 09:53:57,false,true,
42,Ros,Beddo,rbeddo15@ustream.tv,21,2019-10-03 15:19:21,63.81,2015-12-06 17:30:03,true,,
43,Ricardo,Carleman,rcarleman16@fotki.com,90,2021-10-03 15:30:13,1.02,2022-04-16 06:50:33,false,false,
44,Brandea,Folcarelli,bfolcarelli17@tuttocitta.it,45,2023-06-10 06:53:15,,2019-03-16 08:50:42,false,,64616-088
45,Dorelia,Mac Geaney,,55,2017-06-28 11:26:21,,2020-06-07 10:18:49,true,false,
46,Mercie,Talloe,mtalloe19@aboutads.info,61,2026-05-03 12:53:58,81.7,2012-10-12 16:23:57,true,true,
47,Lucky,Grisdale,lgrisdale1a@biblegateway.com,23,2013-11-04 11:57:45,,2019-01-07 12:06:14,true,,42507-165
48,Dal,Oxe,doxe1b@psu.edu,47,2019-09-10 00:01:49,23.5,,true,,
49,Archambault,Murney,amurney1c@1688.com,36,2024-07-08 02:54:54,23.75,,false,,
50,Thomas,Voas,tvoas1d@ocn.ne.jp,92,2018-08-14 03:27:24,,,true,,
51,Richy,Trenam,rtrenam1e@google.de,37,2023-04-03 23:34:05,18.76,,true,true,33261-966
52,Gradey,Leipelt,,26,2010-12-10 10:19:34,26.36,2012-10-23 19:01:07,true,,
53,Verla,Vause,vvause1g@nbcnews.com,20,2014-12-03 03:26:29,,,true,,35192-014
54,Penny,Glewe,,38,2025-08-26 21:03:19,,,false,false,
55,Dru,Kerans,dkerans1i@hao123.com,33,2017-04-22 03:07:49,80.55,2013-05-11 11:24:08,false,,55154-4725
56,Clemmy,Wholesworth,cwholesworth1j@nifty.com,29,2011-11-29 03:21:20,55.97,2019-12-20 12:48:47,true,,
57,Yurik,Stoke,ystoke1k@zdnet.com,59,2015-02-26 15:24:05,97.54,,true,,
58,Sarine,Antonetti,,41,2024-10-10 19:35:36,75.06,2024-07-03 20:58:03,true,true,
59,Francisca,Emmett,femmett1m@moonfruit.com,33,2021-10-27 18:50:25,4.09,2025-08-14 07:33:36,false,true,
60,Rene,Dyball,rdyball1n@dion.ne.jp,73,2018-08-18 09:25:49,84.3,2011-06-20 04:23:56,false,true,
61,Bren,Squires,bsquires1o@cbsnews.com,94,2017-04-24 17:24:52,,,true,true,64942-1166
62,Hillyer,Crutcher,hcrutcher1p@123-reg.co.uk,62,2017-01-16 21:02:41,35.96,2014-07-09 03:29:45,false,,30142-911
63,Tate,Fost,tfost1q@rambler.ru,98,2022-06-06 07:40:48,6.85,,false,true,51861-020
64,Delmer,Buckenham,,64,2015-06-01 14:12:47,,,false,,51346-163
65,Orazio,Connor,oconnor1s@wp.com,91,2022-08-21 14:00:05,42.2,2019-05-29 03:45:35,true,,0378-6550
66,Kit,Guerrieri,kguerrieri1t@biglobe.ne.jp,92,2024-03-03 14:59:03,,,true,true,50845-0103
67,Peirce,McTerry,,66,2012-10-21 07:35:37,,,false,,65028-003
68,Cherida,Bilson,cbilson1v@un.org,37,2012-10-26 10:58:03,3.51,,true,false,
69,Shaina,Darbon,sdarbon1w@businessweek.com,58,2025-09-29 02:49:31,,,false,,
70,Winthrop,Darwen,wdarwen1x@nyu.edu,71,2024-07-10 19:10:07,74.67,2017-01-07 14:22:17,false,,
71,Melamie,Gullane,,84,2019-10-09 11:27:57,,2011-03-30 06:08:58,true,,
72,Jesus,Dagg,jdagg1z@moonfruit.com,94,2021-12-05 09:36:36,65.11,,true,,
73,Cullie,Sigars,csigars20@devhub.com,96,2020-09-08 00:37:46,6.73,2011-02-18 23:44:59,true,true,59788-002
74,Torrin,Simmans,,64,2012-01-10 03:42:52,97.63,,true,,55301-350
75,Eben,Bridle,,60,2018-11-10 21:02:14,26.63,2021-08-26 05:37:42,true,false,
76,Laverne,Rosita,,24,2014-09-27 22:12:14,,,false,,
77,Perkin,Grzesiak,pgrzesiak24@globo.com,46,2012-01-22 10:43:44,60.77,,false,true,
78,Jannel,Fawcus,jfawcus25@utexas.edu,34,2019-04-23 07:54:03,,2010-04-27 15:28:02,false,true,
79,Sileas,Pinckstone,,90,2018-12-13 12:36:53,,,false,false,
80,Ash,Marchington,amarchington27@tinyurl.com,79,2024-12-27 13:38:36,,,false,false,
81,Webb,Chettle,wchettle28@mayoclinic.com,42,2014-09-16 06:36:07,1.67,2018-02-17 01:15:28,true,true,
82,Elwira,Pidgin,epidgin29@google.it,53,2012-03-03 22:51:28,47.83,2021-11-16 00:25:52,true,,
83,Shelton,Sultan,ssultan2a@theatlantic.com,83,2010-06-19 01:52:27,51.71,2022-11-15 03:04:30,false,,
84,Idette,Wapplington,,86,2016-10-23 12:55:21,,2011-05-18 22:51:22,false,true,
85,Sandy,Caddens,,88,2011-12-03 05:35:48,55.02,2012-01-18 19:16:44,false,,53389-642
86,Melisenda,Bohin,mbohin2d@tumblr.com,74,2012-04-29 09:04:36,22.56,,false,true,55315-019
87,Marylinda,Dillingstone,mdillingstone2e@ft.com,34,2017-05-31 11:05:30,,2013-10-05 00:11:13,true,false,
88,Orsa,Bellham,obellham2f@gizmodo.com,66,2014-07-01 16:21:00,,,false,false,
89,Randell,Kingswell,,96,2015-03-31 08:44:18,98.26,2020-10-21 17:53:05,false,,
90,Mina,Hinrich,mhinrich2h@narod.ru,79,2010-04-08 19:45:38,47.6,2010-06-13 20:24:49,true,true,41520-630
91,Madlin,Threadgill,mthreadgill2i@amazon.co.jp,50,2015-08-07 12:01:20,,2011-02-24 10:20:17,true,,
92,Robena,Giabucci,rgiabucci2j@de.vu,29,2018-12-28 02:44:04,28.18,,true,false,49288-0473
93,Bettye,Mutimer,bmutimer2k@infoseek.co.jp,95,2019-10-04 13:58:22,88.86,2014-04-08 04:32:25,true,,
94,Tobiah,Tilley,ttilley2l@cisco.com,56,2024-10-23 08:32:22,,2025-01-05 18:13:58,true,,
95,Leonid,Buckam,lbuckam2m@chronoengine.com,81,2013-08-15 16:09:02,,2013-08-12 22:15:05,true,,43378-123
96,Gardy,Sivorn,,36,2012-07-05 16:08:05,55.24,2012-01-12 06:52:00,false,,
97,Mathilda,Arnau,,30,2023-04-09 17:39:18,17.37,2020-05-17 04:18:26,true,,
98,Petrina,Beinke,pbeinke2p@jimdo.com,31,2023-08-19 21:37:39,59.07,2011-02-22 19:38:41,false,true,0113-0374
99,Ingram,Batte,ibatte2q@omniture.com,62,2022-06-03 01:55:09,10.36,2018-02-14 03:07:02,false,,54575-257
100,Pam,Szymonowicz,pszymonowicz2r@uiuc.edu,18,2014-06-14 19:32:51,79.54,2015-12-11 15:40:38,true,,
101,Marcile,Da Costa,mdacosta2s@cam.ac.uk,89,2017-05-31 02:08:32,,,true,false,54868-5726
102,Lianne,Jollye,ljollye2t@washingtonpost.com,82,2018-09-22 21:49:25,59.13,2010-04-08 22:11:33,false,,
103,Tessi,Vassar,tvassar2u@nps.gov,24,2024-03-31 14:27:09,0.09,2024-02-02 08:43:46,true,false,61010-3112
104,Bent,Astley,bastley2v@npr.org,71,2022-05-30 19:32:25,72.81,,true,,
105,Nanni,Parrish,,48,2017-10-25 10:09:50,26.09,,true,true,
106,Darsie,Mansbridge,dmansbridge2x@statcounter.com,90,2010-05-25 23:56:13,89.17,2021-03-02 22:31:39,true,false,
107,Adan,Belford,abelford2y@phpbb.com,40,2024-04-04 02:38:33,79.99,2020-04-30 14:10:42,false,false,0485-0094
108,Shoshana,Dablin,sdablin2z@opensource.org,26,2017-02-17 23:02:15,51.12,2017-02-13 06:43:14,true,,65386-0001
109,Ethelind,Bartod,ebartod30@blinklist.com,39,2012-01-04 15:59:52,75.15,2020-07-13 03:18:30,true,false,
110,Brett,Dunhill,bdunhill31@bloomberg.com,51,2020-07-02 07:17:43,66.77,2011-02-01 05:48:43,true,,
111,Sax,Borman,,50,2014-10-05 13:23:42,12.75,,true,,
112,Bonnie,Pargent,bpargent33@weibo.com,54,2019-05-14 12:06:08,88.29,2015-04-08 13:37:13,true,true,
113,Lenora,Eckery,leckery34@prlog.org,40,2017-05-17 11:19:52,5.02,2011-07-15 16:50:47,false,true,75905-001
114,Sandor,Lapthorn,slapthorn35@tripod.com,66,2022-06-17 13:10:28,,2023-05-31 06:09:48,false,,
115,Pauline,Yukhin,pyukhin36@alibaba.com,22,2017-07-22 15:57:02,,2015-01-23 13:39:26,false,,
116,Dreddy,Chatenier,dchatenier37@mit.edu,71,2010-05-09 10:15:03,,2013-05-15 14:54:55,true,,
117,Leslie,Scrinage,lscrinage38@printfriendly.com,66,2010-10-06 05:03:03,,2012-07-14 03:28:17,false,,36987-2493
118,Herta,Rannigan,,59,2024-05-22 05:45:16,,,false,true,
119,Glenden,Grimwood,ggrimwood3a@i2i.jp,32,2025-08-10 04:28:34,31.39,,true,,
120,Alberik,Wenger,awenger3b@cornell.edu,50,2014-06-18 12:12:53,45.79,2012-06-30 01:15:24,true,true,68788-9111
121,Thorn,Mays,tmays3c@deviantart.com,92,2022-11-16 22:42:21,66.06,2013-10-17 19:07:14,false,false,
122,Zollie,Pirnie,zpirnie3d@a8.net,44,2013-04-19 08:35:28,,2015-12-10 05:46:47,false,,
123,Marcelo,Drewet,mdrewet3e@plala.or.jp,48,2020-05-02 18:55:46,34.76,2021-05-30 18:25:51,false,false,
124,Derrek,Camilleri,dcamilleri3f@clickbank.net,55,2011-12-25 19:22:56,70.2,,false,,
125,Nehemiah,Demke,ndemke3g@yellowbook.com,77,2020-04-16 04:10:59,,2014-03-22 03:30:46,true,,55714-4628
126,Webster,Duckers,wduckers3h@gov.uk,56,2023-12-06 22:56:21,38.54,,false,,52125-677
127,Terrie,Biasioni,,100,2014-04-21 04:46:45,,2023-10-28 19:13:46,true,,51815-218
128,Emmy,Antoinet,eantoinet3j@google.nl,68,2014-02-20 13:47:36,,2017-01-07 13:06:55,true,false,
129,Thadeus,Hofer,,81,2015-08-07 10:15:59,52.6,2024-02-14 15:01:11,true,false,52125-217
130,Kassie,Pindell,,34,2025-11-15 23:13:50,,,true,,0268-1195
131,Tory,Brane,tbrane3m@answers.com,82,2012-04-21 08:44:29,14.43,2015-05-02 23:50:10,false,false,63323-652
132,Steward,Leyes,sleyes3n@jiathis.com,75,2023-08-10 23:34:56,78.17,2025-08-23 07:49:46,false,,0406-9075
133,Yvonne,Witcherley,,89,2020-02-19 15:39:51,16.71,,false,true,
134,Janine,Boick,jboick3p@disqus.com,23,2016-10-31 05:16:55,70.48,,true,false,
135,Annabella,Tweddle,atweddle3q@uiuc.edu,64,2020-08-15 06:22:17,,2015-08-02 16:45:34,false,,59779-878
136,Sawyer,McKeating,smckeating3r@rediff.com,47,2022-10-11 01:23:44,62.85,2019-04-16 05:19:34,false,true,
137,Rooney,Wedge,rwedge3s@dagondesign.com,37,2011-07-24 01:46:11,1.02,2017-05-09 07:35:45,false,true,36987-2661
138,Isacco,Ugoletti,iugoletti3t@clickbank.net,73,2019-04-29 11:35:31,94.34,2014-09-10 19:41:10,false,,
139,Lisette,Donson,ldonson3u@samsung.com,77,2024-09-15 17:23:51,,2025-11-21 17:47:48,true,,55319-169
140,Francklin,Kersley,fkersley3v@bravesites.com,79,2020-02-18 17:20:29,,,true,false,
141,Ezra,Baggot,ebaggot3w@liveinternet.ru,55,2016-11-03 04:39:59,26.37,,false,,36987-3069
142,Anatola,Snedden,,49,2014-10-24 01:22:28,10.01,2010-12-17 09:11:54,true,true,
143,Casey,Haacker,chaacker3y@opera.com,73,2023-11-07 05:02:13,,,false,,51824-010
144,Bessy,Carlton,bcarlton3z@china.com.cn,83,2015-04-04 19:50:34,98.56,,false,false,49348-489
145,Frayda,Tommen,ftommen40@unesco.org,44,2012-03-18 09:00:03,,2026-02-25 04:35:21,true,false,
146,Patrick,De Biaggi,,88,2020-06-14 07:29:32,78.61,2014-03-25 18:52:15,true,false,
147,Erhard,Cartman,ecartman42@hexun.com,86,2010-06-12 03:39:56,67.09,2010-09-29 10:18:29,false,,52685-398
148,Trish,Biggerdike,tbiggerdike43@examiner.com,98,2023-08-08 23:03:04,78.93,2012-07-18 11:32:53,true,,63029-501
149,Danita,Zoanetti,dzoanetti44@amazonaws.com,19,2013-04-02 14:36:54,,,true,,
150,Roddie,Korneev,rkorneev45@earthlink.net,86,2012-03-06 13:39:24,5.83,2019-04-27 04:29:52,false,false,54569-4272
151,Bay,Capstick,bcapstick46@dyndns.org,37,2018-03-05 16:05:27,,2025-08-16 12:01:39,false,,
152,Binni,Doone,bdoone47@squarespace.com,50,2012-06-06 14:00:26,,2014-06-01 10:07:49,true,true,
153,Lowe,Licence,,73,2017-12-13 19:46:13,36.04,2014-12-12 07:32:22,false,true,65044-5048
154,Arney,Kleinplatz,akleinplatz49@istockphoto.com,68,2021-04-20 17:56:02,14.91,,false,false,65044-4707
155,Danila,Domaschke,,64,2017-09-06 03:59:42,15.98,2016-06-29 07:19:19,true,,
156,Kassey,Velareal,kvelareal4b@twitpic.com,45,2024-11-04 07:25:12,80.42,,false,true,42507-177
157,Dael,Helsdon,dhelsdon4c@cocolog-nifty.com,94,2014-11-07 18:47:05,78.73,2020-12-11 01:31:21,false,,59898-201
158,Sal,Bartod,sbartod4d@rambler.ru,85,2012-05-12 03:15:48,81.02,2015-09-10 12:35:04,false,,
159,Mallory,Elie,melie4e@newsvine.com,26,2017-06-03 11:54:34,,2010-12-12 00:31:27,false,,
160,Fay,Giorgiutti,fgiorgiutti4f@com.com,91,2022-07-20 13:50:09,,2019-07-09 09:43:39,true,,
161,Arlette,Noblet,anoblet4g@privacy.gov.au,30,2021-11-13 18:45:35,31.59,,false,true,
162,Mata,O'Garmen,mogarmen4h@icq.com,56,2015-01-24 14:02:27,59.02,,false,,
163,Fara,Danilchik,fdanilchik4i@shop-pro.jp,87,2011-09-19 07:47:51,84.1,,false,false,
164,Brok,Hillan,bhillan4j@comsenz.com,80,2022-01-01 07:52:42,9.43,2013-11-14 21:18:35,true,,
165,Prinz,Casini,pcasini4k@trellian.com,58,2013-01-20 05:28:14,73.04,2025-11-23 05:29:44,false,,
166,Nan,Purchall,,83,2015-04-06 14:14:55,5.07,2011-05-07 21:23:39,true,,60760-353
167,Rivalee,Cadman,,19,2010-01-03 19:11:32,,,false,true,
168,Crystal,Edel,cedel4n@de.vu,25,2022-01-19 13:29:10,17.39,2014-10-31 04:54:41,false,,49449-100
169,Goldarina,Pether,gpether4o@blogtalkradio.com,48,2017-04-30 05:58:44,,2010-10-19 04:49:08,true,,
170,Ali,Gateland,agateland4p@icq.com,99,2024-08-11 02:26:09,,,true,,
171,Andie,Jeffes,ajeffes4q@domainmarket.com,85,2020-11-21 19:31:43,76.48,,true,false,41520-766
172,Vincenz,Wickson,,45,2012-08-07 13:24:55,,,false,,
173,Liane,Badman,lbadman4s@gmpg.org,75,2017-09-02 03:09:06,8.33,2015-12-04 02:01:08,false,true,
174,Zahara,Cassel,zcassel4t@europa.eu,47,2019-12-01 17:52:42,82.92,2021-12-21 14:14:09,true,false,
175,Merline,Gorring,mgorring4u@psu.edu,23,2014-03-24 13:47:45,38.56,2013-12-21 14:12:55,false,true,
176,Ambrose,Ruberti,aruberti4v@mlb.com,97,2020-12-15 13:01:37,31.61,2010-12-20 07:04:29,false,true,0363-0919
177,Darell,Ferres,,98,2026-05-16 10:22:35,13.13,2015-06-14 04:26:46,true,true,62032-121
178,Marena,Bosson,mbosson4x@bbb.org,61,2021-11-10 06:06:37,82.25,2020-08-30 10:54:28,false,,
179,Kirsti,Wolpert,kwolpert4y@opera.com,99,2018-01-20 16:32:12,,2017-05-06 07:41:26,true,false,
180,Tricia,Skitral,tskitral4z@bloglovin.com,31,2018-09-24 22:59:26,10.5,2013-10-26 00:57:06,true,,0955-1026
181,Robbie,Jandac,rjandac50@baidu.com,71,2016-09-26 23:42:17,8.91,2014-05-16 02:05:27,false,,
182,Hubert,Curcher,hcurcher51@flavors.me,72,2014-10-17 22:11:26,10.13,,false,true,
183,Karalynn,Beekman,kbeekman52@amazon.co.uk,59,2016-08-13 19:45:20,75.87,2024-04-07 07:12:12,true,,64942-1157
184,Olympe,Sheering,,57,2012-03-29 08:33:09,,,false,,64942-1207
185,Lamont,Kimmins,lkimmins54@dyndns.org,95,2012-11-27 16:09:50,18.51,2012-05-26 01:58:45,false,,
186,Aggi,Omand,aomand55@bloglovin.com,77,2025-12-05 19:38:11,19.8,,true,,11822-4111
187,Josiah,Tomaszczyk,jtomaszczyk56@bigcartel.com,33,2010-06-08 00:25:10,,,true,,
188,Terri,Dufour,,99,2017-10-22 21:12:36,27.08,,true,,
189,Latrina,Lancett,,83,2017-08-28 03:05:27,93.01,,false,false,
190,Rosene,Bater,,96,2015-08-04 02:27:23,78.0,2010-04-23 05:59:30,true,true,
191,Cointon,Arden,,94,2021-01-11 08:43:07,99.8,2020-07-16 15:45:27,false,,42126-6310
192,Betsey,McIleen,bmcileen5b@soundcloud.com,46,2020-08-29 09:14:33,84.41,,false,true,
193,Shaylynn,Minor,,86,2021-09-30 20:25:51,,,true,,
194,Nicola,Louiset,nlouiset5d@forbes.com,95,2016-01-20 13:22:09,,,false,true,54973-3097
195,Gabe,McAlees,gmcalees5e@soup.io,31,2013-03-11 10:54:02,,,false,,
196,Asher,Lovelace,alovelace5f@odnoklassniki.ru,93,2020-10-19 02:38:55,80.13,2017-04-09 09:16:21,true,false,
197,Russ,Archard,rarchard5g@php.net,81,2015-11-04 04:14:15,,,true,,42508-280
198,Niall,Gerlts,ngerlts5h@globo.com,62,2012-07-03 01:31:24,,,true,,53462-008
199,Merle,De Gogay,mdegogay5i@list-manage.com,72,2017-10-02 09:18:24,5.97,2014-04-13 02:04:05,false,true,55154-1489
200,Hamil,Touhig,htouhig5j@clickbank.net,48,2011-09-24 06:06:52,,,false,,
201,Tammie,Cobb,,53,2013-01-27 13:01:46,15.08,,false,,
202,Gladys,Eastope,,65,2013-07-12 15:47:22,72.3,,true,,0031-8724
203,Archambault,Iacovelli,aiacovelli5m@earthlink.net,70,2016-11-16 18:40:11,,2013-12-17 22:42:31,true,false,
204,Dasha,Renac,,54,2012-12-26 09:19:25,68.65,,false,,
205,Pru,Salleir,,80,2015-12-08 05:35:02,,2011-12-19 17:36:03,false,,52164-1106
206,Sybille,Beloe,sbeloe5p@squarespace.com,87,2010-05-30 04:26:17,61.69,2017-01-08 09:19:32,true,,
207,Dodie,French,dfrench5q@sfgate.com,72,2010-11-26 20:47:06,82.33,,false,true,0944-2960
208,Marj,Wandrack,mwandrack5r@weibo.com,58,2014-12-20 10:09:44,34.55,2010-12-19 15:28:12,true,false,
209,Tamiko,Poller,tpoller5s@reference.com,58,2012-09-05 16:04:09,,2020-06-09 23:07:43,false,false,
210,Melitta,Edwin,,90,2016-06-25 15:18:07,0.11,2023-08-27 23:15:29,true,false,0185-0144
211,Cristen,Hasluck,chasluck5u@unesco.org,69,2010-08-11 06:26:48,,2010-09-06 00:15:47,true,true,
212,Grata,Quinton,gquinton5v@163.com,33,2025-08-24 05:05:05,65.62,2012-05-23 17:20:46,true,true,
213,Karisa,Vasilenko,kvasilenko5w@joomla.org,72,2019-09-26 12:45:18,,,false,,
214,Dilly,Messenger,dmessenger5x@yellowpages.com,44,2022-02-22 10:00:03,41.73,,true,true,
215,Issy,Haggart,ihaggart5y@ftc.gov,34,2016-05-22 09:03:02,86.22,2014-12-25 21:40:07,true,false,
216,Alden,Scates,ascates5z@yolasite.com,34,2023-03-06 20:22:55,,2013-06-14 04:28:15,true,false,
217,Torey,Wooding,twooding60@ucoz.ru,23,2020-06-20 05:37:48,89.42,2012-07-10 00:55:00,false,true,
218,Luz,Edsell,ledsell61@washingtonpost.com,57,2018-03-22 23:14:00,33.61,2018-10-04 12:50:51,false,true,0904-5522
219,Dredi,Beckles,,89,2014-01-26 13:26:54,98.21,2025-08-05 05:38:48,true,,
220,Ritchie,Zamudio,rzamudio63@bloglovin.com,40,2016-02-25 11:52:10,21.55,2022-05-16 12:59:14,false,false,
221,Dotti,Restorick,drestorick64@statcounter.com,44,2015-10-03 04:37:33,,,false,,
222,Virgina,Tersay,vtersay65@exblog.jp,64,2026-02-01 00:17:04,38.04,2022-03-05 19:37:03,false,true,
223,Filia,McGibbon,fmcgibbon66@sphinn.com,69,2018-09-05 16:12:24,,,true,,64942-1333
224,Devondra,Rubes,drubes67@techcrunch.com,94,2018-12-24 13:50:15,73.59,2024-06-03 05:58:41,true,,
225,Percival,Marthen,pmarthen68@lycos.com,51,2010-01-07 08:57:02,58.43,2021-09-08 01:15:34,true,true,
226,Noe,Golsworthy,ngolsworthy69@soup.io,26,2022-04-12 23:17:07,,2012-04-16 00:18:33,true,,
227,Tressa,Trowl,ttrowl6a@themeforest.net,90,2016-11-24 20:25:42,,,false,true,
228,Aland,Reuben,,39,2010-01-31 06:37:59,61.74,,false,false,
229,Lucais,Blissitt,,89,2014-09-19 03:11:32,81.24,,false,true,57955-5080
230,Birdie,Chattock,bchattock6d@youku.com,27,2025-05-24 05:58:10,66.61,2023-03-24 08:58:17,true,false,
231,Gavra,Bruff,gbruff6e@reuters.com,48,2011-11-04 03:44:40,,2017-05-14 06:45:37,true,false,
232,Stephannie,Kalisch,,34,2020-04-04 09:15:37,32.94,2020-01-10 03:16:34,true,false,
233,Byram,Hunsworth,bhunsworth6g@woothemes.com,71,2011-02-13 03:14:04,56.34,2024-03-28 02:51:11,true,true,54868-4448
234,Ginevra,Alfwy,galfwy6h@mapy.cz,89,2020-01-25 23:58:40,50.57,2021-04-12 00:07:21,false,false,
235,Karon,Bonass,kbonass6i@liveinternet.ru,29,2018-02-06 06:23:02,21.41,,true,,
236,Bellanca,Chicco,bchicco6j@taobao.com,34,2012-05-13 15:13:51,78.11,2020-09-18 09:33:46,false,,
237,Cathlene,Instock,cinstock6k@nps.gov,47,2012-04-28 09:24:32,25.31,2018-01-10 15:39:29,false,false,57525-021
238,Petronilla,Addionisio,paddionisio6l@rediff.com,84,2014-11-29 06:04:46,,,false,false,
239,Buiron,Fahy,,27,2014-01-15 21:46:03,8.68,,true,,0008-0836
240,Agosto,Toopin,,47,2013-11-16 12:49:13,91.23,2013-09-03 00:29:01,false,true,68428-739
241,Kylen,Willatts,,54,2020-04-27 02:07:28,37.4,2011-08-29 14:58:23,true,true,61570-024
242,Mildrid,Sprowson,msprowson6p@cyberchimps.com,26,2015-12-23 04:21:47,94.97,2011-04-22 20:53:24,false,true,
243,Ferne,Blundel,,77,2015-05-08 22:34:48,88.83,2016-11-08 10:48:03,true,true,
244,Lemuel,Calverley,lcalverley6r@marketwatch.com,81,2018-12-23 08:20:10,68.68,2022-08-31 05:03:01,true,,
245,Kassia,Wase,kwase6s@biglobe.ne.jp,45,2011-01-06 07:45:53,65.39,,false,,10096-0154
246,Gallagher,Bichard,gbichard6t@pinterest.com,83,2023-10-24 18:29:30,19.03,2025-01-12 01:26:04,true,true,
247,Oralee,Loddy,oloddy6u@so-net.ne.jp,43,2018-08-13 03:57:12,,,false,true,
248,Hayward,Vasilkov,hvasilkov6v@usgs.gov,84,2013-08-06 17:27:21,10.51,,false,,
249,Kattie,Jaquet,,68,2018-03-14 16:53:49,40.15,2021-02-09 20:00:47,true,false,76237-182
250,Huey,Bugge,hbugge6x@tripadvisor.com,66,2019-06-19 23:40:23,66.18,,false,false,
251,Hillery,Blakeley,hblakeley6y@state.tx.us,86,2019-12-13 06:15:57,77.77,2023-01-25 10:09:32,false,false,
252,Trixie,Archbould,tarchbould6z@sourceforge.net,68,2023-11-01 16:00:28,,,true,true,44237-001
253,Helen-elizabeth,MacInnes,,41,2013-02-10 20:15:40,32.59,,false,,
254,Esra,Drohane,edrohane71@so-net.ne.jp,33,2020-07-03 18:58:46,76.65,,true,false,49349-639
255,Del,Ruck,,34,2024-06-21 02:24:07,47.25,2012-10-29 10:00:08,true,,
256,Ingar,Vergine,,89,2024-12-21 07:56:02,,2023-05-08 03:34:12,true,,62839-2810
257,Janela,Clifford,,22,2021-09-11 13:07:51,65.69,,false,false,
258,Starlin,Hadden,,45,2014-04-19 04:59:33,,2012-12-29 16:36:05,true,false,0085-4333
259,Burg,Durdy,bdurdy76@eventbrite.com,77,2020-10-16 14:42:50,,,false,true,
260,Twila,Valerio,,36,2018-08-27 18:26:16,,2018-02-12 23:51:25,true,true,
261,Tod,Trafford,,90,2025-02-10 07:00:00,,2012-10-21 03:55:04,true,,
262,Byram,Tyhurst,btyhurst79@berkeley.edu,30,2016-01-10 19:59:19,,2019-05-30 16:03:22,true,true,49230-203
263,Mina,Colleck,mcolleck7a@meetup.com,42,2016-07-02 05:22:23,70.11,,false,,
264,Tome,Vickers,,70,2023-05-29 10:00:10,15.49,2010-06-12 03:16:40,true,,67046-902
265,Alberto,Frier,afrier7c@hatena.ne.jp,83,2019-08-02 10:58:35,,,true,,
266,Kameko,Found,kfound7d@friendfeed.com,98,2012-02-20 17:23:46,15.89,,true,,59779-097
267,Nickie,Borghese,nborghese7e@columbia.edu,48,2018-12-16 16:01:56,76.63,2015-05-20 05:51:24,true,,
268,Cilka,Churchard,,58,2021-12-03 19:15:52,85.99,,false,false,0299-5950
269,Bronson,Briance,,49,2021-04-04 19:22:25,59.43,2018-04-12 22:01:34,false,false,76214-035
270,Delphinia,Cruces,dcruces7h@yelp.com,38,2021-05-12 02:12:47,,2010-10-03 05:44:01,false,,
271,Meryl,Ambrosetti,mambrosetti7i@forbes.com,42,2014-10-23 13:01:41,58.75,2022-04-26 15:58:11,true,,64540-001
272,Amandie,Evitts,aevitts7j@cbslocal.com,77,2020-01-27 16:31:26,50.93,2021-03-22 00:06:24,true,,
273,Sharleen,Murison,smurison7k@princeton.edu,30,2016-08-21 20:10:51,90.32,2023-12-17 11:04:55,false,false,68788-0797
274,Jillie,Beneze,,41,2023-09-22 09:19:02,,2014-03-30 19:53:38,false,true,0268-0900
275,Georgine,Lune,,48,2013-06-06 03:17:33,77.75,2012-09-08 06:35:56,true,true,
276,Adey,Clarae,aclarae7n@salon.com,65,2024-09-11 22:01:06,,2021-06-20 18:09:21,true,false,0363-1678
277,Peder,Avesque,pavesque7o@who.int,42,2010-05-13 11:24:19,37.92,,false,false,
278,Ryon,Duhig,rduhig7p@fotki.com,91,2021-07-23 01:08:01,,2016-04-25 02:56:03,true,false,
279,Dinnie,Kittoe,,62,2010-06-07 16:30:19,3.2,2015-05-25 08:26:13,false,false,
280,Traver,Smalman,tsmalman7r@lulu.com,79,2020-10-07 08:46:11,92.62,2015-10-24 01:18:39,false,,65044-9953
281,Lynnea,Oxbe,,88,2025-05-30 07:40:13,13.32,,true,,
282,Hulda,Joskowitz,hjoskowitz7t@flickr.com,76,2016-06-01 06:14:50,55.61,2011-10-21 19:41:00,false,true,
283,Florance,Hanigan,fhanigan7u@ehow.com,88,2021-01-10 21:34:11,,2013-02-10 20:28:05,false,true,
284,Nikolai,Dunsmore,ndunsmore7v@techcrunch.com,57,2025-03-30 23:53:46,57.09,2019-08-25 17:21:31,true,,63739-475
285,Jo-ann,Baugh,,35,2012-01-18 00:49:05,43.86,,true,false,
286,Janna,Cadell,jcadell7x@cnet.com,18,2011-09-22 15:51:47,73.23,,false,,
287,Brigid,Danell,bdanell7y@histats.com,82,2010-02-26 17:23:28,35.24,2015-01-12 14:43:52,true,false,
288,Lilllie,Le Huquet,llehuquet7z@wikia.com,37,2024-09-01 09:20:05,72.1,2020-03-03 14:44:45,false,,
289,Sioux,Melpuss,smelpuss80@lulu.com,91,2025-08-13 10:56:25,,,false,true,61096-0022
290,Ddene,Sansome,dsansome81@narod.ru,28,2012-07-09 08:35:25,27.05,,false,,
291,Aurel,Logsdail,alogsdail82@berkeley.edu,63,2025-02-26 14:32:59,45.69,2025-03-07 09:49:08,true,,54300-0001
292,Lowrance,Bernakiewicz,lbernakiewicz83@sun.com,88,2012-07-07 05:16:09,,,true,true,51285-523
293,Lanette,Smallpeice,,88,2012-05-07 21:17:56,,2024-11-26 14:13:14,true,,
294,Kassie,Bolliver,kbolliver85@sun.com,58,2015-04-07 16:32:18,,2014-08-16 20:34:28,true,true,
295,Rhianon,Bristowe,,83,2021-09-21 19:20:24,82.68,2013-07-25 01:44:32,false,true,16252-506
296,Inez,Murty,imurty87@aol.com,23,2019-05-16 15:40:38,,2016-12-30 15:41:48,false,,67046-655
297,Eva,Baumford,ebaumford88@answers.com,89,2015-02-14 04:08:33,41.15,2010-01-31 14:42:10,false,false,
298,Deerdre,Petto,dpetto89@netvibes.com,70,2019-02-14 21:24:56,14.81,2017-11-07 06:21:35,false,false,
299,Jolynn,Leijs,jleijs8a@microsoft.com,82,2010-11-24 15:48:49,,2021-12-28 14:25:15,true,false,
300,Bryana,Symon,bsymon8b@home.pl,64,2021-05-22 10:41:06,,,true,true,
301,Garnet,Prior,gprior8c@netscape.com,45,2024-11-20 06:10:10,5.6,,true,false,54868-6284
302,Lev,Cardo,lcardo8d@wikispaces.com,79,2024-12-28 07:29:43,34.57,,false,,0093-4067
303,Artie,Grabb,,99,2011-01-16 15:35:12,69.39,2011-03-22 06:37:40,false,,
304,Mallory,Troker,mtroker8f@amazon.co.uk,54,2015-05-05 08:53:22,80.43,,true,false,16590-808
305,Vonni,Breache,vbreache8g@indiatimes.com,46,2012-08-11 07:14:14,,2017-02-23 05:15:53,false,false,
306,Alejandrina,Phelips,,64,2022-04-12 12:28:34,,,false,true,
307,Westley,Frankum,wfrankum8i@mapquest.com,98,2021-07-16 21:13:53,42.42,2012-11-18 03:30:22,false,,
308,Berty,Mallan,bmallan8j@plala.or.jp,88,2019-01-21 07:03:23,27.62,2020-12-18 09:16:41,true,false,
309,Romy,Toombes,rtoombes8k@dion.ne.jp,48,2019-10-29 09:11:17,73.69,,false,true,55150-168
310,Mathew,Mudd,mmudd8l@amazon.co.jp,51,2019-01-04 21:29:04,,,true,false,
311,Lemuel,Woolam,lwoolam8m@wisc.edu,80,2024-11-15 12:15:07,,,false,,
312,Godiva,Grzeszczyk,,78,2025-08-08 20:53:47,26.07,2016-06-12 01:40:09,false,,60429-272
313,Constantino,de Verson,,69,2026-03-10 11:25:39,69.16,2020-02-07 07:52:27,true,true,
314,Cass,Clayworth,cclayworth8p@aboutads.info,45,2022-04-19 19:38:28,,2018-06-10 22:11:41,false,,
315,Paton,Norcop,pnorcop8q@redcross.org,64,2016-11-21 01:14:30,,2017-02-23 19:59:34,true,true,57955-1851
316,Yetta,Beumant,ybeumant8r@sogou.com,68,2021-12-20 14:12:18,26.58,2012-10-28 16:26:27,true,false,
317,Ferd,McKinty,fmckinty8s@baidu.com,43,2022-12-12 02:10:17,54.78,2014-02-06 13:26:45,false,false,
318,Marlyn,Sharphurst,msharphurst8t@freewebs.com,83,2014-09-05 00:04:33,,2010-04-09 06:59:01,false,true,64117-109
319,Lloyd,Thresh,lthresh8u@istockphoto.com,30,2024-01-25 07:56:35,69.9,,true,,
320,Klarrisa,Ricci,,40,2011-02-21 08:38:24,32.33,2012-08-10 00:54:39,false,true,
321,Kaela,Jankovsky,kjankovsky8w@xrea.com,28,2021-02-22 06:31:15,56.64,,false,false,
322,Maurita,Leggan,mleggan8x@posterous.com,25,2017-01-08 12:54:01,,2022-11-22 02:07:17,true,true,0409-1482
323,Curt,Grigorescu,cgrigorescu8y@bloglovin.com,87,2019-06-30 14:07:51,15.75,2016-07-14 19:15:48,true,true,
324,Kenon,Zannetti,kzannetti8z@ca.gov,21,2022-04-26 03:52:57,,2019-04-09 22:54:23,true,false,
325,Sammy,Westhofer,swesthofer90@ibm.com,97,2016-10-07 04:01:38,60.13,,false,false,
326,Clare,McOwen,,27,2024-04-17 21:48:24,61.85,2010-11-18 03:05:22,true,,
327,Ewart,Lacase,elacase92@netlog.com,46,2014-06-13 15:27:22,20.2,,true,false,62045-4333
328,Sheena,Rosenstock,,35,2013-11-02 20:55:24,1.62,,true,,14049-464
329,Tamera,Cessford,tcessford94@cargocollective.com,31,2015-06-28 02:01:19,49.64,2017-11-01 03:54:19,false,true,
330,Jamie,Mattock,jmattock95@google.cn,65,2020-04-26 12:48:23,96.7,2011-08-22 15:10:21,false,,49527-002
331,Malissa,Billin,mbillin96@soup.io,39,2016-09-14 11:26:00,1.73,,true,,
332,Merell,Wiz,mwiz97@ow.ly,58,2013-05-14 16:40:37,47.65,2012-10-14 13:22:11,true,,
333,Rosco,Tabram,rtabram98@linkedin.com,61,2011-02-20 11:31:10,,,true,,52533-107
334,Shani,Barthelmes,sbarthelmes99@typepad.com,86,2024-12-12 20:26:16,,2014-08-06 07:13:08,false,false,
335,Gris,Arnauduc,garnauduc9a@imdb.com,58,2013-08-23 04:50:53,,2020-08-23 15:35:10,false,true,
336,Reggie,Whatling,,99,2013-12-22 04:16:34,59.38,2014-07-07 18:58:26,false,,
337,Nell,Greeson,ngreeson9c@census.gov,45,2014-02-04 03:48:51,44.79,2025-07-18 23:18:57,false,,
338,Mace,Aylin,maylin9d@e-recht24.de,72,2021-07-24 10:09:11,,2017-11-02 16:46:21,false,,
339,Barnie,Farrance,bfarrance9e@ucoz.ru,89,2016-02-08 10:51:08,52.16,2013-09-09 19:27:57,false,false,
340,Tracie,Jaffra,tjaffra9f@home.pl,34,2022-04-29 17:25:50,55.4,2026-03-04 18:17:16,true,,57520-0587
341,Pamelina,Hooks,phooks9g@lulu.com,62,2010-06-20 02:10:56,30.33,2025-08-12 02:00:28,false,,0074-3224
342,Massimiliano,Bosden,,95,2019-12-05 14:30:48,,2022-06-16 16:39:24,true,,36987-1452
343,Ingunna,Maddra,,95,2017-01-08 21:57:56,72.13,,true,false,
344,Jori,Ceresa,jceresa9j@sohu.com,78,2021-07-25 05:27:03,,2011-12-26 01:44:28,false,,52686-340
345,Natale,Korn,nkorn9k@ca.gov,57,2010-03-08 06:34:08,,2010-01-30 02:01:31,true,true,
346,Viole,Garci,vgarci9l@wikimedia.org,82,2023-10-08 04:56:38,,2021-07-09 13:38:27,true,,50268-290
347,Koenraad,Giveen,kgiveen9m@unblog.fr,23,2014-08-19 00:31:46,80.04,2012-08-26 07:10:01,false,false,
348,Lilith,MacWhirter,lmacwhirter9n@google.com.br,92,2022-02-10 01:14:23,,2018-11-26 02:35:38,false,true,
349,Andre,Barczynski,abarczynski9o@so-net.ne.jp,28,2019-04-26 19:32:03,,2011-05-12 09:23:38,true,,
350,Francyne,Totterdill,ftotterdill9p@shinystat.com,91,2025-11-15 00:50:57,,2025-08-20 12:55:17,true,,
351,Jody,Kuscha,jkuscha9q@symantec.com,71,2010-11-20 13:52:24,29.89,,false,false,48951-7080
352,Zondra,Tomkowicz,ztomkowicz9r@bloglines.com,19,2015-04-21 03:50:12,,,true,,68472-056
353,Aubert,Caccavari,acaccavari9s@nyu.edu,97,2024-03-27 14:26:54,,,true,,
354,Meredith,Groucutt,mgroucutt9t@clickbank.net,87,2016-10-12 09:24:11,,2015-11-21 16:05:11,true,false,
355,Trisha,McClymont,tmcclymont9u@sfgate.com,54,2012-12-30 11:31:40,15.36,2018-08-19 12:56:30,true,true,
356,Hadria,Plumstead,hplumstead9v@wiley.com,68,2022-10-04 05:33:05,61.8,2022-06-25 23:02:59,false,,
357,Rianon,Tatam,rtatam9w@flickr.com,44,2010-07-29 00:55:55,32.81,2019-11-05 22:10:32,false,true,
358,Rudie,Lidell,rlidell9x@fema.gov,58,2023-01-02 00:29:12,,2025-11-25 23:20:06,true,false,54473-183
359,Athene,Willatts,,35,2015-01-21 23:52:16,0.71,2010-12-26 03:30:37,true,true,47682-902
360,Dav,Dugmore,ddugmore9z@ftc.gov,30,2022-12-10 11:02:43,62.21,2022-06-10 17:56:40,true,false,36800-970
361,Barbee,Squibbs,bsquibbsa0@parallels.com,56,2013-09-02 08:44:25,,2017-07-04 14:06:30,true,,36987-3272
362,Andria,Lavigne,alavignea1@wp.com,58,2016-05-30 01:22:14,,2021-08-28 00:27:33,true,,
363,Jock,Malinowski,,44,2019-11-03 10:45:17,40.45,2011-05-11 20:58:11,false,,59564-251
364,Jeno,Chaudron,jchaudrona3@multiply.com,62,2022-10-23 08:23:39,,,false,,
365,Brade,Lorans,bloransa4@wufoo.com,41,2020-09-04 04:39:28,83.18,2021-10-13 09:07:50,true,,
366,Gill,Pietruschka,gpietruschkaa5@rediff.com,58,2019-01-27 10:02:33,,2020-11-15 01:07:40,false,false,
367,Amandie,Scripture,ascripturea6@discuz.net,73,2023-04-08 03:37:04,,2026-03-10 10:49:02,true,,
368,Dorry,Dymidowski,ddymidowskia7@guardian.co.uk,89,2017-09-18 16:06:59,89.13,,true,false,
369,Jada,Jancey,,23,2023-02-08 15:10:58,90.94,2017-05-13 21:17:41,false,,
370,Kahaleel,Chestnutt,,51,2010-07-31 07:18:59,,2013-02-13 22:29:11,false,false,
371,Sherry,De Giorgio,sdegiorgioaa@craigslist.org,79,2015-09-20 12:08:54,14.49,2021-11-08 21:35:14,false,,
372,Banky,Plott,bplottab@multiply.com,40,2024-08-20 09:04:45,88.63,2019-01-13 13:12:10,false,false,36987-2436
373,Kessiah,Parlett,kparlettac@ucoz.com,81,2019-12-26 11:49:31,88.11,2013-12-16 09:06:16,true,true,
374,Flossi,Diffley,,40,2023-06-06 12:04:48,,2024-03-17 11:41:52,false,true,
375,Ferdie,Bisson,fbissonae@ycombinator.com,72,2020-03-20 07:07:48,46.71,,true,false,
376,Orville,Danelut,,71,2017-02-03 00:29:19,,2018-03-21 07:12:11,false,,
377,Elena,Rosthorn,erosthornag@liveinternet.ru,32,2011-03-21 17:01:00,97.43,,false,,
378,Hieronymus,Shepcutt,hshepcuttah@bluehost.com,60,2014-04-03 05:04:11,,2025-10-25 05:35:51,false,true,43063-348
379,Federico,Braun,fbraunai@pbs.org,83,2013-06-18 09:45:55,,2019-09-24 04:06:52,false,,59316-206
380,Shauna,Cinnamond,scinnamondaj@virginia.edu,42,2022-09-27 09:28:42,56.46,,true,false,
381,Taffy,Flacke,tflackeak@about.com,23,2016-08-26 22:32:09,20.83,2010-08-12 04:07:50,true,,
382,Walther,Haquin,whaquinal@apache.org,23,2013-09-20 14:55:26,,2023-09-17 05:23:55,true,,
383,Drugi,Mollett,dmollettam@imdb.com,91,2024-05-10 03:43:38,,2018-12-22 00:58:06,true,,
384,Filippa,McNea,fmcneaan@utexas.edu,55,2023-03-25 12:40:56,64.48,,false,true,
385,Rutger,Lambert,rlambertao@cargocollective.com,83,2020-04-21 02:21:08,,,true,,
386,Morgan,Janowicz,mjanowiczap@google.com.br,19,2018-10-20 13:57:38,,2013-07-06 03:36:03,false,true,
387,Caryn,Gullen,cgullenaq@plala.or.jp,74,2013-05-07 17:46:02,,2024-03-17 23:16:36,true,,
388,Lucy,Darwen,ldarwenar@macromedia.com,97,2020-09-06 03:51:19,39.85,2014-06-06 22:25:30,true,true,
389,Nataline,Godthaab,ngodthaabas@usgs.gov,95,2023-10-19 03:10:28,,2025-03-24 10:11:15,true,true,
390,Morie,Fearfull,mfearfullat@bbc.co.uk,35,2015-05-12 21:02:15,,2014-12-03 11:30:26,true,,
391,Belicia,Hukins,bhukinsau@rediff.com,90,2026-01-10 16:24:37,46.13,2021-03-26 14:54:22,false,true,
392,Lukas,Schiersch,lschierschav@cnn.com,56,2012-10-13 01:04:49,,2011-04-26 19:29:48,false,true,
393,Neill,Kilius,nkiliusaw@dagondesign.com,19,2014-10-12 05:33:17,71.19,,false,true,
394,Murial,Lamb,,56,2019-07-01 19:22:44,,2011-06-07 03:25:32,false,,60432-129
395,Phaidra,Canner,,47,2013-09-23 18:53:42,22.34,2024-03-25 00:51:54,true,true,
396,Garret,Szantho,gszanthoaz@yandex.ru,76,2025-10-16 18:05:35,18.21,,true,false,50859-100
397,Francklyn,Brockelsby,,69,2015-10-23 05:02:02,38.01,2023-05-02 14:51:49,true,true,
398,Liz,Rayburn,lrayburnb1@stumbleupon.com,37,2025-09-08 18:26:51,95.57,,true,,
399,Abbye,Fransman,,51,2017-02-17 14:22:47,,2026-05-02 07:38:34,true,true,53808-0902
400,Lennie,Hosten,lhostenb3@uol.com.br,70,2016-05-22 18:26:42,26.87,2010-12-03 04:13:44,true,true,
401,Chloris,Botwood,cbotwoodb4@fda.gov,65,2014-10-24 10:07:20,,2019-08-01 20:20:23,true,true,51452-010
402,Mose,Albrooke,,100,2021-04-23 06:31:54,29.52,,false,true,
403,Elizabeth,Norcliffe,enorcliffeb6@thetimes.co.uk,90,2011-10-23 14:30:15,74.01,,true,true,47593-264
404,Cayla,Rodolfi,crodolfib7@smh.com.au,54,2017-05-08 03:49:08,22.41,,false,,
405,Orelia,Blaxill,oblaxillb8@youtube.com,45,2023-05-24 04:18:02,,2024-06-11 16:50:41,false,,
406,Reece,McLemon,rmclemonb9@accuweather.com,58,2010-02-14 14:32:34,72.83,2026-03-13 03:21:50,false,,10191-1909
407,Janela,Godbolt,jgodboltba@stanford.edu,85,2017-07-01 22:09:01,89.54,2025-07-17 23:47:42,true,,
408,Laurie,Cathrae,lcathraebb@mail.ru,67,2010-04-11 07:09:24,85.87,2012-05-11 17:15:06,true,,
409,Dallas,Penn,dpennbc@examiner.com,29,2013-01-16 08:47:26,,2026-05-04 21:12:04,false,,65342-0101
410,Alistair,Hearnshaw,,35,2025-09-07 10:20:08,38.01,,true,false,59779-019
411,Demetrius,Buddles,,75,2018-11-21 14:11:59,88.01,,false,,57955-5130
412,Dale,Tebbit,dtebbitbf@goo.gl,38,2017-10-02 10:57:23,38.49,2017-01-14 22:26:29,true,true,
413,Allegra,Loughman,,54,2012-01-20 14:30:11,,,true,false,
414,Tobi,Cahalan,,82,2022-03-27 17:14:28,70.42,2010-08-12 05:49:20,false,false,
415,Kasey,Hew,khewbi@cnbc.com,64,2015-05-01 20:59:28,,,true,true,52533-198
416,Alessandra,Troup,atroupbj@archive.org,33,2023-05-03 11:26:12,72.21,,true,,
417,Lemmy,McDonogh,lmcdonoghbk@reuters.com,95,2013-04-12 05:11:37,26.35,2014-11-04 23:15:40,true,false,
418,Florri,Liccardi,,93,2014-10-07 06:47:02,,2026-05-04 13:29:30,true,true,0268-0287
419,Elsbeth,Chinge,,37,2012-11-10 21:51:44,57.27,,true,false,
420,Kevan,Pierrepont,kpierrepontbn@jigsy.com,25,2010-02-16 04:49:10,51.18,2025-11-02 14:50:39,false,,
421,Melitta,Fortey,mforteybo@slideshare.net,58,2011-05-14 19:02:52,,2024-08-06 22:53:50,false,false,
422,Halsy,Niven,,75,2020-11-19 04:51:55,64.74,,true,,
423,Buddie,Woolens,,92,2017-12-02 22:59:13,76.26,2013-02-24 02:41:34,false,,
424,Ferdinand,Ciobutaro,fciobutarobr@uol.com.br,23,2011-06-28 17:43:57,70.88,2024-07-17 18:29:40,true,true,
425,Kirby,Ilyushkin,kilyushkinbs@timesonline.co.uk,77,2023-06-24 09:28:38,92.41,2013-06-12 06:36:34,false,false,
426,Tedmund,Ellacombe,,72,2022-08-22 06:36:24,77.95,,true,,
427,Cathlene,Longstreeth,clongstreethbu@cam.ac.uk,83,2010-12-01 19:04:11,88.73,2014-08-19 10:27:14,false,true,
428,Cecily,Andor,candorbv@soup.io,74,2020-08-16 00:14:17,,2022-10-31 20:18:02,false,,
429,Sayre,Jindrak,sjindrakbw@wiley.com,47,2016-02-25 09:45:23,2.92,,true,false,
430,Tera,Cassimer,tcassimerbx@joomla.org,29,2018-06-02 16:45:24,1.03,2018-03-23 19:59:36,false,true,66382-003
431,Skell,Totman,stotmanby@adobe.com,52,2011-01-18 19:32:48,97.89,2022-10-09 09:23:27,false,false,46123-004
432,Flinn,Westmarland,fwestmarlandbz@businessweek.com,69,2010-07-11 02:41:03,,,true,false,
433,Tulley,Gerrard,tgerrardc0@slideshare.net,52,2025-08-05 13:51:45,,2016-10-01 05:56:00,true,true,
434,Gabbie,Boshell,,49,2019-11-11 21:17:46,18.13,,false,false,
435,Batholomew,Collishaw,bcollishawc2@cisco.com,62,2023-08-08 03:08:46,,2018-12-18 11:31:19,true,false,
436,Sunny,Esser,sesserc3@goodreads.com,66,2010-09-23 23:25:24,,,false,false,
437,Prudence,Orwin,porwinc4@cocolog-nifty.com,44,2010-01-03 21:16:32,64.25,2017-01-25 16:15:41,false,true,
438,Godart,Lusk,gluskc5@oakley.com,76,2025-06-17 04:29:00,74.37,2013-09-10 15:02:03,false,true,
439,Thomasine,Woodwin,,76,2020-08-04 10:52:54,,2011-12-28 12:44:52,false,,54569-6187
440,Cathlene,Buckthought,,18,2017-10-18 22:33:21,,,true,false,55154-4949
441,Eba,D'Costa,edcostac8@csmonitor.com,83,2021-03-10 18:04:43,58.9,2025-07-19 21:00:02,true,,
442,Pansy,Antos,pantosc9@bluehost.com,19,2022-08-04 18:31:15,3.99,2011-01-02 07:52:42,true,,
443,Mellie,Clemmey,mclemmeyca@infoseek.co.jp,87,2025-06-06 01:55:44,,2024-05-29 15:48:47,false,,0088-2160
444,Arlena,Margerison,amargerisoncb@last.fm,98,2016-12-22 03:05:59,33.97,2012-09-07 03:07:05,false,false,
445,Celeste,Connichie,,41,2022-10-03 14:14:10,41.25,,true,true,
446,Bethanne,Aplin,,37,2024-02-17 13:31:23,,2019-07-26 00:43:58,true,true,
447,Cindi,Rassmann,,65,2024-10-02 07:31:58,14.08,,true,,
448,Grantham,Simkin,gsimkincf@feedburner.com,23,2013-08-23 14:11:38,,2012-08-27 10:54:02,true,false,
449,Pattie,Titlow,ptitlowcg@wp.com,77,2021-01-18 07:00:34,,2011-08-09 23:10:17,true,false,
450,Krysta,Czajka,kczajkach@tamu.edu,42,2019-11-18 12:17:26,,2012-08-09 21:23:08,true,true,
451,Adele,Baalham,abaalhamci@360.cn,34,2023-08-21 21:28:43,47.17,2021-06-07 01:59:30,false,,13537-245
452,Owen,Tomaschke,,73,2013-02-06 00:24:37,13.78,2025-08-29 01:26:27,false,,
453,Debby,Hoonahan,dhoonahanck@comcast.net,92,2022-02-28 13:12:39,43.77,,true,true,
454,Kay,Lomis,,86,2017-04-06 05:53:19,,,true,,
455,Kate,Franzen,kfranzencm@github.com,62,2016-09-29 09:09:41,,2014-03-16 09:16:49,false,,
456,Mercy,Amar,mamarcn@jiathis.com,51,2023-11-27 18:19:11,9.76,,true,,60505-0834
457,Thurston,Barnwill,tbarnwillco@ycombinator.com,28,2022-05-20 04:25:17,28.14,2015-01-15 03:37:27,false,,
458,Leonanie,Bicknell,lbicknellcp@bing.com,51,2010-12-09 08:51:40,5.65,,true,false,64942-1284
459,Saunder,Donn,,88,2021-10-26 16:34:16,,2010-08-14 13:41:11,true,true,63629-4385
460,Violante,Carmont,vcarmontcr@tumblr.com,97,2011-10-01 16:41:29,99.56,2018-09-08 17:41:21,true,false,54569-2590
461,Suzi,Hugueville,shuguevillecs@smugmug.com,63,2016-09-04 23:17:55,28.79,,true,,
462,Auguste,McGriffin,,42,2011-03-04 15:44:56,,,false,,10237-703
463,Buiron,Wisdom,bwisdomcu@nationalgeographic.com,65,2018-06-04 22:03:43,,2016-04-04 02:49:47,false,false,
464,Rudy,Evers,,34,2011-05-23 14:09:20,19.13,,true,false,21130-897
465,Jenna,Rodgerson,jrodgersoncw@domainmarket.com,28,2019-02-18 22:49:34,96.96,2021-02-20 23:32:53,true,true,
466,Noella,Lintott,nlintottcx@facebook.com,43,2024-05-25 17:38:12,8.19,2017-06-14 22:13:24,true,,
467,Pavlov,Scard,pscardcy@comcast.net,73,2019-07-09 04:59:25,,,true,,0268-1260
468,Gabriele,MacAlpin,gmacalpincz@pcworld.com,43,2020-12-17 16:58:48,96.61,2021-06-30 18:53:35,true,,
469,Gabbey,Lemonby,,91,2012-03-13 05:04:12,76.94,,false,false,
470,Dionisio,Brandolini,dbrandolinid1@miitbeian.gov.cn,87,2021-12-12 22:15:10,,2025-08-09 19:41:31,false,,
471,Freida,Dorsey,,96,2018-08-03 14:33:25,,,true,,
472,Arthur,Masters,amastersd3@desdev.cn,32,2020-03-13 09:56:36,,,true,true,
473,Basil,Beardsdale,bbeardsdaled4@zimbio.com,24,2023-11-02 22:28:26,,2011-05-12 00:59:34,true,,
474,Derrek,Nickols,dnickolsd5@loc.gov,87,2016-01-01 04:08:07,64.77,,true,,
475,Rica,Gilffillan,rgilffilland6@unc.edu,32,2021-11-11 07:52:15,,2022-08-18 20:18:53,true,,54569-1754
476,Yvon,Terzi,,100,2020-11-17 05:31:11,26.01,,true,false,
477,Holly,Sowrey,hsowreyd8@booking.com,71,2010-01-03 23:08:51,37.56,2014-04-11 05:56:05,false,true,
478,Garv,Melluish,gmelluishd9@scientificamerican.com,70,2024-11-13 09:50:19,41.13,2010-09-08 22:06:29,true,,
479,Moses,Skeeles,,63,2020-09-23 18:29:18,52.74,,false,,
480,Alexei,Crossgrove,acrossgrovedb@cyberchimps.com,80,2017-02-20 20:51:54,16.15,2012-07-02 22:39:10,true,,
481,Poppy,De Atta,pdeattadc@alibaba.com,57,2020-05-18 03:55:33,,2025-07-27 11:02:43,true,true,
482,Sayres,A'Barrow,sabarrowdd@nationalgeographic.com,49,2023-08-07 10:59:47,1.03,2025-03-29 13:30:01,true,false,59262-600
483,Maria,Knowlton,mknowltonde@godaddy.com,93,2014-10-15 18:31:16,24.49,,true,false,61957-0908
484,Brandyn,Gerrels,bgerrelsdf@biglobe.ne.jp,31,2018-05-01 07:03:28,6.84,2018-12-27 17:53:14,true,,
485,Shelba,Chasles,schaslesdg@google.cn,19,2012-04-11 02:42:46,20.88,2024-11-20 02:09:29,true,,11084-136
486,Jake,Hallock,,52,2024-06-03 23:45:09,,,false,,
487,Odelinda,Rowbrey,,21,2024-08-03 06:55:21,,2011-06-06 12:07:15,true,false,
488,Dodi,Bernardelli,dbernardellidj@huffingtonpost.com,77,2017-03-04 22:28:58,27.87,2016-03-22 17:13:19,false,false,
489,Panchito,Petticrew,,54,2022-04-09 09:49:44,96.55,2016-01-10 15:06:20,true,,50184-1031
490,Goldi,Avory,gavorydl@sfgate.com,63,2024-09-14 06:18:21,55.32,2021-04-24 22:07:06,false,false,49884-032
491,Reba,Scurfield,rscurfielddm@addtoany.com,49,2023-05-05 04:46:03,,2016-01-28 15:04:07,false,,62007-001
492,Auroora,Stairmond,astairmonddn@virginia.edu,72,2020-08-04 16:47:22,71.21,2013-09-04 02:49:59,true,,
493,Maynord,Rable,mrabledo@time.com,94,2010-09-01 12:24:38,11.1,2017-03-24 15:06:03,true,false,
494,Ailene,Puxley,apuxleydp@nytimes.com,29,2018-12-14 23:24:41,30.36,2017-10-16 07:22:50,true,,
495,Jeri,Spurden,,61,2014-09-04 11:28:42,,2014-07-02 09:27:05,true,false,
496,Kandace,Caine,kcainedr@economist.com,29,2024-05-22 10:49:07,98.62,2011-12-22 05:02:52,false,,0006-0749
497,Fiorenze,Megainey,fmegaineyds@sbwire.com,34,2025-11-05 08:19:14,60.22,2017-09-12 12:54:42,false,true,
498,Townsend,Bartlam,tbartlamdt@pagesperso-orange.fr,59,2023-04-08 17:00:09,69.77,2014-09-03 11:06:37,false,false,
499,Wallis,Whear,wwheardu@unblog.fr,54,2015-07-19 17:22:56,,2013-12-03 10:38:15,false,,
500,Obadias,Brownsell,obrownselldv@census.gov,88,2013-01-15 23:23:14,22.58,2014-03-10 12:08:17,false,true,
501,Dallis,McLice,dmclicedw@blinklist.com,92,2024-06-15 18:24:28,,,false,,69106-040
502,Nealy,Monteath,nmonteathdx@scribd.com,53,2025-06-29 05:47:10,90.4,,false,false,
503,Doyle,Weerdenburg,dweerdenburgdy@google.co.uk,89,2021-01-25 09:30:41,76.69,,false,true,10565-467
504,Waite,Glavis,wglavisdz@merriam-webster.com,75,2012-09-23 12:10:12,,,true,,
505,Sophi,Candlin,scandline0@cnbc.com,76,2017-11-23 10:27:57,,,true,,61543-1758
506,Deni,Cowpertwait,dcowpertwaite1@irs.gov,27,2026-02-04 20:40:19,61.0,,false,,
507,Gaylord,Schuck,gschucke2@google.com.br,38,2022-09-05 02:17:53,,2018-05-21 10:56:11,false,,
508,Bax,Hasell,bhaselle3@barnesandnoble.com,59,2019-04-12 11:23:34,,2013-08-13 06:40:32,false,false,
509,Simone,Jozsika,sjozsikae4@unc.edu,31,2026-05-06 08:57:59,82.35,,true,true,50945-001
510,Fabian,Westby,fwestbye5@vinaora.com,73,2015-01-13 16:24:03,8.28,2022-07-12 12:36:30,true,false,0186-0324
511,Nola,Hughlock,nhughlocke6@nbcnews.com,75,2018-04-29 07:13:34,91.21,,false,,
512,Merralee,Crowch,,22,2023-08-04 08:48:26,34.76,2016-02-10 21:26:33,true,false,
513,Rainer,Beauvais,rbeauvaise8@unblog.fr,68,2024-06-19 21:12:05,,2024-07-24 12:36:09,false,false,
514,Shirley,Lown,slowne9@vimeo.com,89,2012-11-13 09:51:02,95.14,2024-12-27 01:33:54,false,,
515,Viva,Mullineux,,26,2024-03-10 17:30:29,91.43,,true,true,0268-6221
516,Vincent,Casarino,vcasarinoeb@ebay.co.uk,81,2019-11-01 06:38:21,2.21,2013-08-23 03:06:38,true,,
517,Tiebout,Randlesome,,33,2011-08-27 21:02:38,15.86,2022-11-12 05:06:35,false,false,
518,Meara,Matasov,,64,2015-02-15 13:28:23,83.5,2013-03-13 15:59:39,false,false,14783-770
519,Elwyn,Ickeringill,eickeringillee@blogspot.com,46,2024-01-27 06:54:01,28.1,2018-12-16 15:02:43,true,,
520,Aeriell,Gabbot,,26,2010-04-19 15:07:41,53.7,,true,true,
521,Katleen,Dallewater,kdallewatereg@dagondesign.com,69,2022-08-03 11:11:07,79.44,2011-10-30 02:02:24,false,,
522,Bobine,Etienne,,85,2024-11-17 07:54:05,,2018-09-30 02:10:06,true,false,
523,Carlie,Scattergood,,96,2022-01-21 08:42:31,,,true,false,
524,Sebastiano,Kembley,skembleyej@google.ru,35,2022-03-30 05:37:39,,2019-11-22 01:45:57,false,false,
525,Laurence,Klemke,lklemkeek@free.fr,72,2026-02-25 00:16:34,87.52,2023-02-23 03:20:17,false,true,
526,Ted,Downie,,34,2023-02-16 04:08:15,84.47,2019-12-06 18:29:26,false,false,
527,Alfredo,Ledamun,aledamunem@live.com,48,2013-06-18 00:46:20,73.08,2016-02-25 15:16:18,false,,48433-308
528,Beilul,Natte,,88,2015-07-01 15:33:20,,,true,false,
529,Christophe,Pyson,,53,2021-07-01 05:45:43,,,false,,
530,North,Petrello,npetrelloep@ed.gov,29,2014-07-28 04:40:23,85.21,2014-02-03 04:52:53,true,false,15127-003
531,Cy,Kalinsky,ckalinskyeq@intel.com,81,2022-09-07 19:20:25,52.87,2020-01-10 13:12:55,false,,51523-026
532,Heindrick,Blundon,hblundoner@engadget.com,71,2013-03-13 13:45:12,,,true,false,45802-276
533,Sosanna,Coleshill,scoleshilles@tripod.com,51,2025-09-02 01:12:25,28.48,2010-02-11 05:32:39,false,false,13630-0017
534,Vite,Habden,vhabdenet@instagram.com,88,2014-04-03 20:51:43,,2015-04-23 21:39:53,false,true,
535,Gilbert,Phelps,,49,2018-08-24 02:49:24,,2023-11-14 00:52:16,false,,
536,Vic,Witherbed,vwitherbedev@senate.gov,93,2021-12-15 05:41:12,,2019-05-20 12:34:26,false,false,59779-603
537,Tommie,Smalridge,,60,2018-07-01 08:02:20,82.34,2015-04-08 23:06:24,true,true,
538,Kaiser,Wetton,kwettonex@nps.gov,36,2016-02-08 18:20:31,45.47,2016-12-31 01:40:45,false,false,
539,Vassili,Dannatt,,31,2012-06-15 12:29:00,80.05,,true,false,
540,Elden,Manby,,100,2010-04-21 12:44:21,,2025-07-15 18:11:49,false,false,
541,Bax,O'Towey,botoweyf0@gnu.org,95,2025-06-08 01:02:45,,,true,,
542,Colas,Hanigan,chaniganf1@intel.com,63,2013-02-05 13:00:30,,,false,false,
543,Germayne,Rousell,,50,2011-04-07 16:44:19,56.88,,true,,
544,Waverly,Dreakin,wdreakinf3@creativecommons.org,34,2011-10-29 04:28:09,59.06,,false,false,0179-0146
545,Birgitta,Oloshkin,boloshkinf4@imgur.com,28,2023-03-11 22:28:33,47.26,,false,,
546,Jacqui,Dorkin,,68,2018-08-16 18:36:41,,2015-03-17 19:47:03,true,true,
547,Simone,Ommanney,,58,2024-11-01 14:47:41,,,false,true,
548,Katrinka,Twentyman,,25,2011-01-12 23:22:29,,2026-04-13 07:38:44,true,false,
549,Edin,Rodnight,erodnightf8@tumblr.com,97,2012-04-15 10:39:10,28.74,2021-07-24 06:48:53,true,false,
550,Weston,Windrass,wwindrassf9@icq.com,32,2021-07-18 15:11:16,,2011-09-15 10:07:17,false,,
551,Stan,Botright,sbotrightfa@biglobe.ne.jp,54,2014-04-09 00:56:43,50.49,2015-08-28 04:20:16,false,,
552,Wallis,Jekyll,wjekyllfb@economist.com,53,2013-11-24 19:07:38,72.13,2011-03-16 19:45:52,false,true,
553,Jacqueline,Hofton,jhoftonfc@exblog.jp,85,2011-02-20 15:19:29,26.06,2023-11-14 17:11:15,false,false,
554,Letitia,Cruden,,87,2023-12-21 00:02:44,32.33,2017-02-20 08:57:16,false,,
555,Norma,Martinyuk,nmartinyukfe@list-manage.com,19,2023-08-23 07:05:43,89.82,,true,true,
556,Mame,Clyburn,,20,2017-04-18 21:41:28,81.67,2010-09-23 09:40:52,true,false,
557,Wolfy,Yele,wyelefg@cpanel.net,57,2015-12-07 18:19:35,49.1,,true,false,
558,Parker,Kiff,pkifffh@apache.org,92,2021-08-26 20:26:51,73.43,2017-11-11 09:44:13,true,true,
559,Paige,Iapico,piapicofi@zdnet.com,40,2010-05-28 16:19:36,,2010-01-02 23:36:06,true,true,
560,Alley,Mahady,amahadyfj@1688.com,89,2011-10-01 07:25:12,93.21,2025-08-16 20:41:50,true,,55111-221
561,Sammy,Dewis,sdewisfk@t-online.de,73,2010-06-07 17:18:22,50.6,2020-03-31 18:38:43,false,true,45802-216
562,Shaun,Cartlidge,,42,2014-03-12 12:21:50,40.07,2010-09-26 10:53:27,true,,
563,Danielle,Woodwing,dwoodwingfm@typepad.com,89,2025-03-16 16:56:32,64.17,2022-11-23 08:25:14,false,,
564,Bibbie,MacFayden,bmacfaydenfn@wsj.com,95,2019-08-07 14:53:39,39.97,,false,false,35356-187
565,Othilie,Benez,,95,2016-01-31 18:32:03,,,false,true,66129-114
566,Faulkner,Insole,finsolefp@skyrock.com,96,2017-11-16 00:28:43,31.84,,false,false,
567,Lissi,McQuie,lmcquiefq@gmpg.org,69,2012-12-12 11:42:00,83.16,2019-02-26 18:56:03,false,true,
568,Robby,Pinhorn,rpinhornfr@1und1.de,47,2023-10-24 04:35:23,7.94,2018-08-19 22:06:00,true,true,
569,Rikki,Gerssam,rgerssamfs@craigslist.org,51,2013-09-18 02:31:01,62.74,,false,,68180-381
570,Arlinda,Torre,atorreft@sogou.com,24,2017-09-15 19:32:49,,2010-01-23 06:59:52,false,,
571,Dyna,Burgane,,55,2010-08-10 04:02:04,51.28,2025-11-11 10:41:40,true,,0268-0869
572,Lazarus,Jilkes,ljilkesfv@usnews.com,55,2017-05-21 16:10:28,14.51,,false,false,
573,Rayshell,Ingerman,ringermanfw@seesaa.net,49,2025-04-06 07:17:13,92.93,2024-09-25 04:46:25,false,,
574,Mathe,Younger,myoungerfx@senate.gov,50,2020-10-09 07:23:17,65.63,,true,false,
575,Joshua,MacRitchie,,56,2010-09-04 06:41:59,67.99,2020-03-12 10:49:23,true,false,61442-171
576,Roanne,Panting,,61,2015-09-24 15:09:45,21.43,,true,true,
577,Humbert,Murrum,,94,2015-02-10 11:05:31,58.54,2025-12-07 22:53:49,false,false,
578,Mela,Salvatore,msalvatoreg1@state.tx.us,97,2019-11-02 22:01:56,84.73,2019-11-09 22:04:15,false,true,
579,Donetta,Tamburo,dtamburog2@flickr.com,99,2017-09-03 04:05:44,,2012-10-18 14:13:05,true,false,
580,Sawyer,Creaser,,30,2019-01-31 01:25:25,75.07,2013-04-27 14:44:48,true,,
581,Paolo,Dameisele,pdameiseleg4@usatoday.com,62,2010-07-24 06:57:42,69.14,2026-03-03 05:30:48,false,true,68327-027
582,Gail,Klimpt,,90,2023-09-24 08:27:30,84.36,,true,false,
583,Wainwright,Castanho,wcastanhog6@sciencedirect.com,92,2025-10-28 00:03:01,77.8,,false,false,
584,Dan,Colliss,dcollissg7@github.io,54,2020-12-30 04:56:58,11.29,2025-03-31 15:14:27,true,false,
585,Esme,Stonhard,estonhardg8@paginegialle.it,36,2018-03-20 01:57:14,63.34,2012-05-31 18:31:21,false,,
586,Jan,Swatland,jswatlandg9@quantcast.com,74,2013-03-13 21:45:17,60.6,,false,,
587,Shoshanna,Freckelton,sfreckeltonga@myspace.com,32,2024-03-09 18:05:55,,,true,false,
588,Heall,Jansson,hjanssongb@discovery.com,30,2024-09-19 07:52:58,93.81,,false,true,
589,Atlanta,Pirdue,apirduegc@purevolume.com,77,2019-04-06 06:45:46,7.84,,true,,
590,Mona,Burt,mburtgd@illinois.edu,76,2018-11-11 23:00:43,,2011-12-04 23:15:18,true,true,76237-188
591,Hyacintha,Muzzall,hmuzzallge@globo.com,99,2024-12-14 08:54:02,,2012-09-24 05:35:39,true,false,
592,Faina,Carwithan,fcarwithangf@youtube.com,59,2010-04-03 17:46:15,25.15,,true,true,
593,Margret,Elijah,melijahgg@skype.com,36,2011-03-29 20:43:59,90.11,2015-08-01 04:45:23,true,,
594,Antonio,Gorelli,agorelligh@washingtonpost.com,35,2017-10-24 17:09:00,,2023-04-03 02:01:34,true,true,36987-1106
595,Rosanne,Grady,rgradygi@businessweek.com,66,2010-12-22 13:01:54,74.42,2015-12-26 02:37:56,false,,
596,Dorothy,Ivashechkin,divashechkingj@elegantthemes.com,47,2015-01-29 01:58:37,81.75,2010-03-29 20:53:43,false,true,
597,Sibilla,Eydel,seydelgk@vimeo.com,85,2010-09-27 02:28:30,,2022-05-13 19:38:25,true,,
598,Lee,Eim,leimgl@a8.net,34,2017-05-23 17:52:58,,,false,,42213-042
599,Mimi,Stevenson,mstevensongm@howstuffworks.com,20,2012-04-06 22:28:43,,2010-10-30 21:32:58,true,false,
600,Edd,Arrighini,earrighinign@ft.com,60,2025-02-14 15:47:07,,2011-03-17 07:43:54,false,,68788-9811
601,Perla,Ballsdon,pballsdongo@sogou.com,77,2012-09-12 09:22:08,99.44,2017-03-10 00:52:02,false,false,0555-0776
602,Charmian,Niccols,cniccolsgp@ocn.ne.jp,97,2017-07-18 07:44:17,96.35,,false,false,
603,Farrah,Jacobsen,fjacobsengq@dailymail.co.uk,22,2022-02-27 08:49:44,56.31,2017-01-05 00:17:22,true,true,
604,Giacopo,Gamlen,ggamlengr@ca.gov,94,2024-03-25 17:36:53,,2018-05-23 09:05:23,true,false,42352-7001
605,Giorgio,Poppleston,gpopplestongs@newsvine.com,50,2015-03-17 09:14:48,73.03,2024-03-31 09:06:32,false,true,
606,Emelia,Powdrell,,47,2021-04-10 09:28:14,,,true,,55319-271
607,Portia,Longstaffe,,59,2016-03-11 20:06:40,14.33,2021-05-02 02:44:45,false,true,49349-884
608,Kellen,Joyson,kjoysongv@sun.com,61,2022-10-07 02:12:36,42.69,2017-10-15 00:56:10,true,,
609,Christophorus,Scroggs,cscroggsgw@ebay.co.uk,47,2017-06-04 10:21:23,81.63,2019-10-15 00:16:56,false,true,
610,Davina,Bastow,dbastowgx@shinystat.com,20,2014-01-12 10:37:03,73.86,,false,false,
611,Josey,Watling,jwatlinggy@mail.ru,81,2017-07-28 21:04:33,81.9,2021-02-03 16:44:20,true,false,
612,Belicia,Reame,breamegz@mayoclinic.com,62,2015-04-11 08:17:35,,2018-03-31 19:40:08,false,false,36987-3003
613,Celestina,Attawell,cattawellh0@tinyurl.com,82,2012-10-30 11:38:28,,2025-04-20 04:34:56,true,true,
614,Rheta,Fairfoull,rfairfoullh1@amazonaws.com,24,2023-07-15 09:42:32,32.63,2015-10-19 21:53:48,false,true,49348-063
615,Jarid,McLenaghan,,84,2013-02-02 12:34:35,,,false,false,
616,Marielle,Philson,mphilsonh3@columbia.edu,19,2021-05-08 23:41:18,73.63,2013-05-02 16:38:33,true,,
617,Lenore,Hawtin,,62,2017-10-15 22:17:36,56.27,,true,false,
618,Cori,Balma,cbalmah5@storify.com,25,2024-10-27 06:45:58,,2014-05-06 21:41:36,false,,63629-1359
619,Sybil,Scriver,,20,2019-03-31 04:56:38,12.05,2016-05-16 07:13:19,true,true,
620,Rolph,Proudman,rproudmanh7@mapquest.com,36,2019-12-05 18:12:34,62.74,2022-04-30 19:53:15,false,true,49288-0909
621,Lucius,Clavering,lclaveringh8@hp.com,52,2022-02-03 13:48:44,8.73,,true,true,
622,Jodie,Caris,jcarish9@example.com,29,2012-08-18 13:05:57,27.84,2021-02-02 17:28:52,false,false,
623,Chere,Sugg,csuggha@senate.gov,94,2024-05-19 13:20:03,,,true,,
624,Berti,Nightingale,bnightingalehb@nifty.com,93,2019-06-15 16:34:05,41.92,2016-07-14 14:53:02,true,true,
625,Flore,Copperwaite,,94,2010-03-08 15:21:56,13.29,2019-10-21 20:38:47,false,true,
626,Bertha,Lorence,,49,2018-05-16 00:27:30,80.96,2012-12-24 05:14:35,false,false,
627,Gennifer,Guymer,gguymerhe@prweb.com,83,2019-04-05 11:15:31,,,true,,
628,Keven,Greenshiels,kgreenshielshf@unblog.fr,33,2022-10-06 13:32:20,91.2,2014-01-06 00:04:02,false,false,
629,Shaine,Huster,shusterhg@china.com.cn,45,2012-08-24 05:59:17,,,true,false,
630,Marissa,Levicount,mlevicounthh@weibo.com,61,2011-05-26 00:11:33,,,false,true,63843-520
631,Flory,Claire,fclairehi@etsy.com,24,2015-01-05 17:25:20,,2012-02-04 17:14:13,false,true,
632,Georgy,Stendell,gstendellhj@hugedomains.com,29,2017-11-09 06:29:23,61.76,,false,true,
633,Harmon,Reitenbach,hreitenbachhk@issuu.com,85,2015-04-04 17:25:03,16.58,2013-01-08 14:08:52,false,,
634,Tabby,Ashurst,tashursthl@gizmodo.com,39,2019-12-28 19:53:45,87.63,2011-04-24 21:08:08,true,false,
635,Sander,Youhill,,78,2022-01-23 16:50:50,60.31,,true,false,
636,Kessia,Petticrew,,30,2018-09-07 01:39:13,,2019-01-04 13:29:50,true,,
637,Cordelie,Legh,cleghho@salon.com,59,2017-10-06 13:59:35,,2015-05-31 10:26:35,true,false,55154-3480
638,Hollis,Fosserd,hfosserdhp@ucla.edu,74,2016-05-14 21:50:27,,2012-07-21 04:00:03,true,,
639,Rowena,Kezor,rkezorhq@geocities.com,73,2021-05-03 12:36:58,,,false,false,
640,Pattin,Fassmann,pfassmannhr@gravatar.com,87,2012-06-19 08:15:22,39.8,2020-04-17 23:11:08,true,true,55143-102
641,Ermina,Beards,ebeardshs@ocn.ne.jp,51,2025-12-19 12:54:16,54.24,2015-01-13 18:02:24,true,true,
642,Tedmund,Iban,,78,2023-08-26 10:25:47,78.61,2015-09-05 15:21:05,true,true,
643,Sheff,Cattach,,27,2015-07-29 02:16:40,,,true,true,
644,Hussein,Creboe,hcreboehv@deliciousdays.com,65,2014-07-07 20:56:58,,2022-08-15 17:53:26,false,,
645,Konstanze,Mandal,kmandalhw@alibaba.com,61,2023-01-18 10:26:15,47.45,2016-10-18 05:03:14,true,,
646,Humberto,Beauchop,hbeauchophx@illinois.edu,28,2014-03-29 09:59:59,,2021-04-16 13:38:21,false,true,51079-119
647,Paulita,Thombleson,pthomblesonhy@privacy.gov.au,27,2016-10-05 19:55:14,99.99,,true,false,0268-1128
648,Padraig,Kinsman,pkinsmanhz@yandex.ru,57,2013-09-17 18:17:29,,2022-03-06 14:15:56,true,false,
649,Cyndi,Spottiswoode,cspottiswoodei0@archive.org,69,2011-10-04 20:21:59,,2013-08-05 00:46:44,true,true,
650,Tammie,Starbucke,tstarbuckei1@mapquest.com,38,2022-12-31 06:07:30,46.45,2015-08-07 19:18:09,false,false,
651,Arlyn,Fitzsymon,afitzsymoni2@elegantthemes.com,79,2014-07-22 21:48:44,,2014-04-24 17:56:48,true,false,
652,Fielding,Limbrick,,99,2012-08-03 08:06:56,45.3,,false,false,
653,Rosamund,Haughian,rhaughiani4@bloomberg.com,58,2015-12-21 12:25:43,,2024-01-31 04:21:01,false,,0942-6328
654,Dallis,Bayston,dbaystoni5@weather.com,72,2017-02-09 18:53:26,19.46,2018-02-17 16:23:22,true,,
655,Davy,Stirtle,dstirtlei6@wired.com,47,2016-11-18 08:34:20,73.94,2024-11-11 03:42:04,true,,
656,Nanci,Andino,nandinoi7@imageshack.us,29,2020-04-17 18:14:05,,,true,,55154-5463
657,Sheppard,Locksley,slocksleyi8@so-net.ne.jp,98,2024-11-18 00:59:16,,2014-12-04 04:29:52,false,false,
658,Morgen,Iacavone,miacavonei9@tinyurl.com,64,2020-03-14 23:55:13,17.66,2024-11-14 12:05:59,true,false,
659,Mitzi,Perri,mperriia@indiegogo.com,95,2011-10-29 19:58:18,44.21,2017-11-26 02:24:50,false,true,
660,Welby,Beedell,wbeedellib@ucla.edu,26,2011-12-12 08:02:13,70.55,2023-08-25 18:12:44,false,false,
661,Hedvige,Eades,,94,2014-03-10 21:58:12,0.51,,true,false,
662,Zerk,Guillon,zguillonid@xing.com,92,2015-10-30 14:35:49,,,false,,
663,Sandy,Fotitt,sfotittie@free.fr,46,2020-12-11 11:06:47,,,false,,
664,Penn,Willas,,56,2016-06-07 15:45:17,66.84,,false,,66975-351
665,Walton,Swanborrow,wswanborrowig@123-reg.co.uk,59,2023-06-19 23:46:05,,,true,,
666,Binky,Farlane,bfarlaneih@etsy.com,99,2020-09-13 17:07:11,,,false,true,62699-1112
667,Skipper,MacGorley,smacgorleyii@youku.com,75,2015-12-07 13:37:13,,2010-06-30 00:34:05,false,,0363-0855
668,Hollis,Danilishin,hdanilishinij@blinklist.com,25,2021-01-02 09:20:55,42.26,2022-09-08 19:51:14,false,false,
669,Ashli,Radbourn,aradbournik@unesco.org,57,2025-12-09 03:06:25,80.86,2022-03-25 02:24:43,true,,
670,Hoebart,Downe,hdowneil@discovery.com,67,2021-11-10 06:26:00,,2021-09-24 07:59:15,true,,
671,Germain,Orht,gorhtim@shop-pro.jp,36,2020-03-07 19:06:06,,2025-11-14 15:10:23,true,true,
672,Towny,Cunliffe,tcunliffein@ihg.com,54,2024-02-26 23:37:49,74.47,,true,false,
673,Glynda,Snap,gsnapio@cnet.com,63,2010-01-16 17:50:02,97.94,2011-11-12 12:37:08,true,true,
674,Ase,Soane,asoaneip@princeton.edu,40,2011-02-07 03:19:53,20.88,,false,,68462-358
675,Joletta,Goulbourn,jgoulbourniq@yolasite.com,92,2018-12-27 02:38:36,10.9,2011-04-05 01:18:07,true,,49349-951
676,Glynda,Jemmett,gjemmettir@rakuten.co.jp,36,2014-04-28 00:21:45,,2018-06-05 19:37:36,true,,
677,Barde,Mallion,,74,2022-03-25 13:58:45,12.43,2021-01-13 08:13:23,false,,
678,Jasmina,Veasey,jveaseyit@baidu.com,81,2015-11-21 03:11:42,,,false,,51285-595
679,Ainsley,Coweuppe,acoweuppeiu@accuweather.com,38,2025-01-17 02:35:59,,2016-08-25 08:17:33,false,true,
680,Warren,Stallibrass,,85,2016-02-04 19:48:44,45.62,2025-01-26 20:55:49,true,,
681,Umeko,Elmhirst,uelmhirstiw@indiatimes.com,29,2013-11-03 19:36:30,32.24,2013-08-20 08:48:53,true,true,
682,Englebert,Filov,efilovix@thetimes.co.uk,50,2013-07-11 01:29:28,56.79,2015-09-16 15:54:47,false,true,
683,Emelina,Teague,eteagueiy@wired.com,30,2018-03-06 20:59:56,,2026-05-08 20:07:44,true,,
684,Chelsae,Blais,cblaisiz@dagondesign.com,58,2024-12-03 12:22:06,6.97,2014-01-10 19:04:02,false,,
685,Lynde,Kingsnorth,lkingsnorthj0@rambler.ru,99,2017-06-19 19:25:01,,2010-10-28 15:02:34,true,true,
686,Shelden,Kmiec,skmiecj1@photobucket.com,59,2025-06-08 23:32:36,72.65,2022-06-19 18:11:47,true,true,
687,Adriano,Yorke,,53,2010-12-01 07:18:51,92.79,2023-10-21 18:55:32,false,false,
688,Sauncho,Linay,slinayj3@gov.uk,55,2025-01-23 14:30:44,72.88,2016-07-24 01:50:55,true,false,
689,Alysia,Fromant,afromantj4@omniture.com,58,2023-01-17 13:36:34,3.46,2020-07-22 16:26:17,false,false,24385-152
690,Rik,Bartaloni,rbartalonij5@wordpress.com,79,2026-03-06 23:10:44,3.56,,false,,50114-1032
691,Sunny,Goldston,sgoldstonj6@discuz.net,100,2014-09-18 09:54:56,,,true,false,
692,Dell,Rickhuss,drickhussj7@noaa.gov,82,2026-04-08 11:01:52,32.34,2022-09-27 03:02:22,false,true,
693,Maurise,McFee,mmcfeej8@blogs.com,48,2020-06-08 03:03:46,88.69,2017-12-27 08:31:53,true,false,
694,Shantee,Akroyd,,86,2010-04-21 01:27:11,,,true,,
695,Miof mela,Evamy,mevamyja@cnn.com,99,2010-10-13 03:48:06,,,true,,
696,Rice,Fluit,rfluitjb@creativecommons.org,90,2023-11-30 11:28:52,75.9,2014-10-23 20:59:03,false,,
697,Corilla,Chilvers,cchilversjc@usnews.com,87,2010-07-19 05:08:53,17.02,2018-12-29 22:23:32,true,false,
698,Latisha,Talby,ltalbyjd@hatena.ne.jp,67,2025-01-24 00:09:56,79.56,2011-05-27 14:51:17,true,false,50436-5606
699,Karrah,Norway,knorwayje@sohu.com,56,2015-10-02 13:46:40,17.52,2012-01-05 09:30:43,true,,
700,Prince,Kalberer,pkalbererjf@dyndns.org,35,2016-10-26 18:01:06,30.8,2024-12-19 22:05:57,false,false,59572-983
701,Garry,Veivers,,39,2016-06-11 19:31:00,33.97,2017-02-08 02:01:12,true,,68151-2987
702,Brody,Rookeby,brookebyjh@1und1.de,19,2019-03-31 08:01:53,34.82,2023-11-30 00:23:51,false,true,
703,Ossie,Greeno,,33,2012-06-08 02:34:21,81.27,2024-09-01 12:34:22,false,,
704,Barret,Poon,,90,2016-11-26 07:14:20,35.52,,true,true,
705,Danell,Munehay,dmunehayjk@baidu.com,67,2020-02-22 04:40:24,,,true,,
706,Kev,Arnoll,karnolljl@ft.com,54,2020-04-13 15:48:57,,2012-01-26 05:42:47,true,,
707,Simeon,Concannon,sconcannonjm@goo.ne.jp,56,2025-01-24 16:54:40,58.64,,true,false,
708,Edin,Wilcott,ewilcottjn@youku.com,46,2021-08-17 12:44:37,,2016-05-16 16:57:23,true,false,36800-579
709,Christian,Shermar,,84,2021-02-24 05:30:39,,2020-02-10 08:00:10,false,,
710,Cindra,Ferson,cfersonjp@privacy.gov.au,78,2025-08-03 02:25:02,50.37,,false,,11429-1009
711,Sollie,Adaway,,58,2026-04-13 16:25:44,,2012-02-26 09:49:36,false,,
712,Ebeneser,Gun,egunjr@tripadvisor.com,60,2010-08-27 05:50:26,,2014-07-09 15:13:28,false,false,64942-1347
713,Giraud,Cleland,gclelandjs@redcross.org,29,2023-04-11 11:34:55,62.21,2021-05-17 23:51:45,false,false,
714,Danie,Swanwick,dswanwickjt@shutterfly.com,98,2019-03-06 10:00:43,54.33,,true,,
715,Kata,Gaize,,59,2026-01-08 21:12:27,9.33,2025-06-10 16:04:48,false,,52261-0201
716,Lyon,Bullent,,35,2024-04-24 16:57:56,75.19,2015-10-31 02:10:09,false,false,66116-436
717,Jayme,Hornig,jhornigjw@google.pl,89,2010-05-12 17:45:39,2.2,2023-04-18 17:31:32,true,true,
718,Reynard,Skally,rskallyjx@amazon.co.uk,35,2018-06-26 05:22:24,,,false,true,
719,Eugenio,Philippeaux,ephilippeauxjy@apple.com,38,2024-06-21 18:05:12,,2025-08-04 23:10:38,true,false,
720,Chrissy,Denk,cdenkjz@sohu.com,63,2022-02-09 17:16:13,87.6,,false,true,
721,Cristal,Abdie,cabdiek0@nih.gov,51,2012-12-26 22:19:40,,2022-06-27 14:15:37,false,,
722,Janela,Klambt,jklambtk1@google.com.au,80,2013-01-20 21:19:08,,2013-07-03 15:24:57,true,false,66129-015
723,Emerson,Theodoris,,82,2020-10-04 14:38:41,67.4,2020-06-02 00:44:18,false,true,76066-002
724,Babette,Roantree,broantreek3@gizmodo.com,55,2021-09-19 10:01:04,25.38,2022-10-15 22:19:58,false,,10812-405
725,Abbe,Francesch,afranceschk4@ustream.tv,26,2014-04-23 01:40:46,82.05,2020-04-24 21:08:41,false,false,
726,Marvin,Ambresin,,70,2017-04-10 09:51:06,35.0,2022-01-20 21:34:20,true,,49738-388
727,Leandra,Collicott,,76,2016-11-02 00:38:17,19.65,2017-03-03 07:54:34,true,false,
728,Penni,Le Ball,pleballk7@ucoz.com,68,2013-05-10 10:48:31,42.54,2017-10-22 14:52:13,false,false,
729,Melly,St. Hill,msthillk8@scribd.com,84,2012-09-27 04:42:09,63.82,,false,true,
730,Timmie,Iveans,,39,2025-11-17 06:27:13,,2010-05-23 19:55:27,true,true,
731,Griffy,Beresford,,79,2023-05-31 10:19:28,91.88,2017-01-12 09:48:35,true,,
732,Meara,Aindrais,,57,2010-04-21 07:00:47,76.29,2023-01-16 18:14:03,false,,64117-963
733,Nannette,Hinzer,nhinzerkc@blogspot.com,33,2022-01-09 08:32:45,,,false,,
734,Elise,Izakovitz,,33,2014-12-08 23:28:35,,2019-02-20 21:31:24,true,,
735,Conny,Layton,claytonke@addtoany.com,53,2016-01-09 03:31:27,,,true,,
736,Betty,Abba,,67,2012-09-16 17:54:20,51.59,,false,,
737,Candide,Hellwig,chellwigkg@scientificamerican.com,57,2010-06-18 01:21:43,,2020-03-03 22:45:36,false,,52125-461
738,Lizzie,Bruyntjes,lbruyntjeskh@cornell.edu,44,2010-09-14 21:50:46,72.11,2010-03-26 13:29:56,false,false,
739,Hyacinthie,Durdy,hdurdyki@nps.gov,81,2025-11-21 18:52:12,1.66,2015-11-25 07:06:38,false,false,64159-6342
740,Ruby,Stockin,,74,2025-11-15 19:49:24,,2014-03-23 03:16:21,false,false,42254-134
741,Morry,Pascall,mpascallkk@blinklist.com,32,2018-11-20 21:40:21,35.43,2014-09-26 10:31:33,false,true,
742,Ben,Du Pre,bduprekl@abc.net.au,45,2011-05-31 00:59:37,,2015-01-10 19:59:33,false,,21130-327
743,Jeremie,Hearley,jhearleykm@ycombinator.com,96,2025-01-17 06:42:09,,,false,false,
744,Lauren,Corneille,lcorneillekn@boston.com,36,2015-08-29 17:46:41,37.88,2023-09-07 19:27:41,true,false,
745,Robbin,Egel,regelko@irs.gov,46,2024-02-12 07:20:43,49.6,2015-08-19 01:35:18,true,false,
746,Kasper,Capponeer,,35,2022-05-10 03:20:18,27.71,,false,,
747,Harlene,Walch,hwalchkq@ameblo.jp,77,2013-10-08 13:04:55,,,false,true,
748,Had,Nano,hnanokr@ucsd.edu,99,2011-12-26 00:41:38,,2021-09-27 20:21:44,false,false,53329-165
749,Ambrosio,Klimaszewski,aklimaszewskiks@reverbnation.com,48,2016-11-23 13:18:02,38.88,2014-05-16 11:52:04,true,false,
750,Marsh,Vigours,mvigourskt@newsvine.com,96,2019-07-10 15:52:35,,2024-04-18 09:21:36,true,false,
751,Paolo,Claypoole,pclaypooleku@berkeley.edu,97,2010-12-24 02:01:27,52.16,2019-03-30 13:54:50,false,,
752,Ilyse,Inston,,48,2017-09-25 00:11:29,68.48,,true,false,
753,Roshelle,Coyte,,19,2021-11-18 16:13:30,,2022-12-13 06:10:21,false,true,46122-125
754,Jennifer,Kolakowski,jkolakowskikx@imgur.com,46,2022-03-13 06:12:41,,2015-04-26 18:46:53,true,true,
755,Addy,Sprouls,asproulsky@comsenz.com,56,2010-08-20 16:21:56,60.6,2017-09-21 22:09:49,true,true,
756,Obed,Hartill,ohartillkz@merriam-webster.com,65,2019-10-13 15:55:22,28.91,,true,,21130-511
757,Dougie,MacAskill,dmacaskilll0@europa.eu,57,2011-04-18 05:57:54,,,true,false,
758,Mauricio,Narraway,mnarrawayl1@time.com,25,2017-08-24 07:37:29,19.8,2024-06-13 06:14:16,true,,
759,Cathe,Boughey,,23,2021-03-09 22:28:38,,2020-11-02 16:10:50,false,false,43269-741
760,Way,Rhys,,88,2025-06-27 05:52:05,,2014-02-15 13:12:02,false,,
761,Dillie,Paulou,dpauloul4@photobucket.com,31,2025-10-25 04:32:02,39.53,,false,,
762,Garland,Pampling,gpamplingl5@marketwatch.com,55,2024-04-25 02:02:07,,2020-10-24 19:24:07,true,false,
763,Zonda,Grossier,zgrossierl6@freewebs.com,71,2018-11-05 03:29:27,,2016-01-05 22:11:26,true,,
764,Nelle,Pawlata,,96,2023-06-27 20:01:40,,,true,false,
765,Eva,Deller,edellerl8@howstuffworks.com,93,2022-08-28 13:42:02,69.51,,false,true,
766,Agnella,Staries,astariesl9@home.pl,88,2014-05-14 00:34:04,,2011-06-17 19:25:52,false,true,
767,Jefferey,Heaney,jheaneyla@about.com,53,2022-07-04 13:01:47,93.86,2010-12-28 09:48:53,false,false,
768,Aigneis,Cassidy,acassidylb@flickr.com,22,2021-02-07 01:12:23,,,false,true,
769,Seka,Lawey,slaweylc@virginia.edu,45,2012-05-05 15:50:11,,2016-05-23 09:16:22,false,,0378-7105
770,Ailina,Hebner,ahebnerld@msn.com,36,2011-06-21 16:32:25,72.1,2011-03-12 01:21:33,true,,
771,Robers,Leathers,rleathersle@irs.gov,49,2023-06-10 05:20:36,22.08,,false,,0363-0835
772,Sharon,Howood,showoodlf@imgur.com,39,2014-01-31 18:25:00,50.71,2017-03-31 22:00:05,true,,
773,Barbara-anne,Dake,bdakelg@nhs.uk,26,2010-10-18 11:53:13,8.99,2023-06-29 01:20:25,true,,
774,Tymothy,Askey,taskeylh@goo.gl,87,2022-09-09 05:13:22,28.86,,true,false,
775,Susann,O'Shea,sosheali@mysql.com,30,2019-12-11 15:30:27,,,true,,68084-112
776,Tiffany,Friett,tfriettlj@nasa.gov,90,2014-06-11 06:18:03,,2020-08-03 07:54:37,true,false,
777,Gibbie,Karpmann,gkarpmannlk@webs.com,48,2017-03-03 07:52:27,3.22,2024-10-26 04:46:27,true,,
778,Ethan,Bielefeld,,74,2024-05-15 09:32:26,3.71,2022-10-03 08:42:30,true,true,
779,Laryssa,McKinstry,lmckinstrylm@psu.edu,59,2022-09-03 23:44:13,44.44,,false,,0268-0878
780,Kath,Lamberto,klambertoln@weibo.com,79,2024-01-22 14:35:35,64.51,2016-06-24 07:04:25,true,false,
781,Herman,Whetson,hwhetsonlo@smugmug.com,67,2025-11-13 21:51:06,26.63,2018-08-17 12:03:52,false,false,
782,Malina,Humbee,mhumbeelp@pagesperso-orange.fr,62,2018-09-07 11:40:41,32.47,,true,,
783,Chadwick,Kulvear,,72,2010-03-27 20:55:21,48.78,2013-08-07 10:14:34,true,,
784,Kiley,Songer,ksongerlr@mail.ru,91,2022-09-29 18:22:17,75.29,,false,true,49288-0952
785,Maurene,DeSousa,mdesousals@macromedia.com,57,2011-12-17 17:05:52,,,true,false,
786,Anatola,Pipworth,apipworthlt@nsw.gov.au,93,2023-03-16 00:08:17,,2016-11-08 01:27:11,false,true,13925-116
787,Marianne,Bradley,mbradleylu@taobao.com,45,2011-10-24 07:17:51,7.67,2024-08-03 08:08:18,false,,
788,Pyotr,Bedingfield,pbedingfieldlv@amazon.com,98,2016-02-05 01:45:17,,2022-12-24 12:21:07,false,true,
789,Cora,Duddy,cduddylw@disqus.com,36,2011-05-16 10:45:00,58.45,,false,true,49852-032
790,Leoline,Bruce,,96,2022-03-06 22:55:01,71.41,2026-02-26 15:32:26,true,false,
791,Brooke,Dabes,,76,2020-08-26 04:34:30,,2016-02-02 01:46:21,true,,
792,Merill,Martt,,93,2023-06-03 14:17:10,57.89,2016-10-04 02:06:32,true,false,
793,Brenn,Orrom,borromm0@cam.ac.uk,40,2023-02-25 14:12:14,3.84,2012-03-21 14:24:48,true,false,
794,Kevina,Caffery,kcafferym1@hibu.com,98,2011-10-15 07:21:07,91.5,,false,true,
795,Ilka,Mallinar,,61,2010-12-28 06:16:29,39.75,2023-12-15 22:40:42,true,,
796,Elysia,Bollans,ebollansm3@example.com,97,2017-05-29 09:35:31,,2024-05-16 17:27:44,false,,
797,Yance,Mutton,,56,2013-10-31 08:54:23,7.8,,false,true,54868-6022
798,Johnette,Enriquez,,84,2018-02-11 03:43:08,30.26,,false,false,
799,Analise,Salvidge,asalvidgem6@dailymail.co.uk,41,2020-06-25 23:25:29,18.46,,true,false,
800,Nikolaos,Hulson,,41,2025-03-20 20:09:07,17.54,2017-12-14 17:36:06,true,true,
801,Rachelle,O'Hara,roharam8@last.fm,72,2015-11-13 04:59:25,,2012-03-25 14:17:46,false,,
802,Delphine,Rawlingson,drawlingsonm9@ibm.com,39,2023-10-23 09:37:15,66.4,2026-01-01 02:01:09,true,true,
803,Brandi,Patrickson,bpatricksonma@bluehost.com,67,2023-03-01 12:12:32,35.64,2010-11-12 05:12:03,true,true,66336-030
804,Riki,Undrell,,42,2025-12-11 02:07:18,,2023-05-18 19:21:57,false,,
805,Blinny,Rackam,brackammc@statcounter.com,19,2019-11-09 07:30:26,17.74,2016-10-25 20:23:55,true,,52125-443
806,Shelly,Stening,,75,2014-05-24 20:37:49,26.04,,false,,
807,Joy,Lewinton,jlewintonme@over-blog.com,53,2010-10-04 22:32:51,,2025-06-13 22:39:33,true,,
808,Venus,Fischer,vfischermf@geocities.com,91,2015-10-18 07:04:42,60.87,2016-06-04 07:07:18,false,,
809,Yankee,Gawith,ygawithmg@salon.com,48,2013-07-19 19:11:38,85.81,2020-03-09 03:31:03,true,,31722-223
810,Tomkin,Bilovus,tbilovusmh@wordpress.com,75,2025-11-11 17:46:21,,,true,true,
811,Pippy,Antonignetti,pantonignettimi@ask.com,89,2013-01-15 09:42:06,38.32,2013-11-14 00:18:11,true,false,
812,Ynes,Dory,ydorymj@studiopress.com,64,2016-12-17 21:15:32,1.4,2022-09-26 22:51:02,false,,
813,Worthy,Limer,wlimermk@goo.gl,91,2019-05-05 09:46:53,60.34,2012-04-08 07:05:10,true,,
814,Dallas,Doddemeade,ddoddemeademl@typepad.com,29,2019-01-31 10:07:49,,,true,true,
815,Amery,Baldwin,abaldwinmm@oakley.com,24,2023-11-26 03:01:18,,2019-07-04 18:12:43,false,true,
816,Gwendolen,Willavoys,gwillavoysmn@twitter.com,18,2018-09-29 10:12:51,,2023-05-09 08:34:30,true,false,
817,Elli,De Dantesie,ededantesiemo@rediff.com,54,2018-02-07 12:48:08,42.55,2022-05-21 22:55:32,true,,
818,Natividad,Schwanden,,29,2023-12-17 01:14:43,83.24,,true,true,
819,Tannie,Klimuk,tklimukmq@freewebs.com,47,2024-10-08 20:25:22,69.52,,true,,
820,Karee,Orrey,,61,2023-03-05 20:22:48,33.26,2011-12-17 15:11:43,true,true,
821,Gabie,Ellor,gellorms@ustream.tv,46,2025-02-08 01:37:04,,2016-03-30 23:36:38,true,,
822,Darby,Humburton,dhumburtonmt@netvibes.com,68,2020-04-12 22:51:00,,2023-11-22 07:15:27,true,true,63323-330
823,Charley,Wetherby,,76,2018-11-16 08:46:27,72.7,2020-01-31 19:35:55,true,true,63739-358
824,Valentino,Phillipp,vphillippmv@freewebs.com,69,2021-04-29 18:48:34,,2020-09-09 04:28:53,false,true,
825,Tracey,Galer,tgalermw@buzzfeed.com,71,2015-03-03 11:20:55,84.57,,false,,53808-0912
826,Burt,Stobie,,28,2020-04-21 11:59:42,,,false,true,50845-0110
827,Mohammed,Matis,mmatismy@google.ca,33,2014-01-04 08:49:59,71.3,,true,,68084-698
828,Barnie,Foxton,bfoxtonmz@google.com.hk,23,2018-07-02 04:40:47,2.54,2018-07-07 07:39:48,false,,36987-1378
829,Floyd,Dwire,fdwiren0@fema.gov,94,2019-07-29 10:32:34,,,true,,52686-285
830,Chelsea,Newman,cnewmann1@webeden.co.uk,51,2010-03-30 07:55:29,32.43,,false,false,
831,Ninnette,Norree,nnorreen2@senate.gov,55,2021-04-29 02:55:50,91.71,,true,,
832,Shellie,Gather,sgathern3@dion.ne.jp,86,2019-02-21 08:09:08,87.55,,false,,
833,Leanora,Asker,laskern4@parallels.com,57,2015-11-23 15:48:45,45.0,,false,true,
834,Stanislaus,Pirkis,spirkisn5@census.gov,82,2014-04-07 19:02:47,,2020-06-06 06:38:22,false,,
835,Nils,Lazarus,nlazarusn6@ca.gov,18,2016-10-19 21:57:35,32.83,2021-03-24 18:58:41,false,true,
836,Tommy,Currao,,76,2024-09-08 06:59:53,73.21,2021-09-23 02:38:35,true,,
837,Rube,Rodway,,56,2026-02-22 10:20:51,11.62,2015-04-09 19:43:02,true,,
838,Andrei,Leal,alealn9@woothemes.com,26,2022-05-26 07:11:05,2.22,2016-10-03 06:28:53,false,,
839,Bobbe,Broscombe,bbroscombena@globo.com,54,2017-12-10 13:06:57,,2013-06-30 18:31:41,true,,68016-018
840,Jeanine,Kirgan,,70,2014-12-20 21:24:22,55.43,,false,,
841,Alisander,Eilhart,aeilhartnc@oakley.com,39,2011-02-07 13:29:14,16.92,2022-03-04 05:29:48,false,false,64942-1037
842,Carleton,Shallcrass,cshallcrassnd@redcross.org,43,2012-03-06 05:00:20,88.34,,false,true,
843,Olly,Ellar,oellarne@homestead.com,35,2010-11-20 13:07:36,62.26,2020-11-19 01:34:43,false,,
844,Ferdinanda,McMurdo,,52,2025-04-21 17:15:15,,2020-12-31 17:49:02,true,true,
845,Wiley,Filochov,wfilochovng@tiny.cc,30,2024-08-23 17:13:13,64.85,2015-02-26 15:01:46,false,true,
846,Harvey,Lefeaver,hlefeavernh@youtu.be,64,2012-12-16 14:24:48,36.82,2016-07-04 15:53:30,true,true,
847,Brien,Shekle,bshekleni@ed.gov,49,2013-10-20 06:25:28,,,false,true,0603-0209
848,Becky,Faull,,51,2020-11-08 07:38:46,,2010-08-08 21:46:52,false,,
849,Gordie,Iowarch,giowarchnk@unesco.org,91,2018-04-30 10:20:18,91.77,2025-03-21 14:06:44,false,false,
850,Redd,Gabriel,rgabrielnl@umich.edu,29,2024-02-22 01:14:43,67.27,2011-01-15 09:39:32,true,,
851,Alanah,Daverin,adaverinnm@pinterest.com,84,2010-01-30 13:45:44,,,true,false,
852,Dominick,Schankel,dschankelnn@squarespace.com,65,2024-07-16 09:29:58,10.84,,true,true,67046-902
853,Kirstyn,Crebott,,71,2025-04-13 03:07:10,,2022-07-01 10:28:58,false,true,10812-366
854,Cherice,Laybourn,claybournnp@weibo.com,48,2023-07-13 05:18:36,2.53,2022-05-28 22:50:21,true,true,
855,Birdie,Jachtym,bjachtymnq@elegantthemes.com,78,2015-10-17 15:21:16,84.71,2021-06-29 05:37:22,false,false,
856,Maible,Blakeborough,mblakeboroughnr@vkontakte.ru,89,2013-01-04 10:16:26,73.82,,false,,
857,Ole,Grocott,,22,2023-08-16 18:22:34,43.36,2017-11-01 09:42:56,true,,
858,Marijo,Benadette,mbenadettent@state.gov,71,2019-08-25 07:34:32,39.94,,true,false,0904-6033
859,Odelia,Starkings,,21,2025-10-05 03:58:13,42.87,2012-07-25 06:56:17,false,false,
860,Judi,Tollerton,jtollertonnv@discuz.net,52,2018-02-17 07:50:33,,,false,true,0363-0815
861,Kleon,Cullnean,kcullneannw@networksolutions.com,68,2021-06-12 22:30:11,87.5,,true,false,
862,Vyky,Tenny,,76,2016-01-04 23:43:18,81.16,2017-05-07 16:08:16,true,true,
863,Beau,Piddletown,bpiddletownny@is.gd,28,2017-11-19 17:14:04,22.49,2019-10-10 06:29:35,false,,
864,Kenyon,Dodshon,kdodshonnz@cafepress.com,26,2024-08-28 14:42:24,97.5,2012-07-28 18:25:41,true,true,
865,Cos,Peaddie,,55,2013-03-21 22:22:39,32.88,,true,,37000-550
866,Alidia,Eckart,aeckarto1@lycos.com,52,2024-02-22 15:02:49,,2021-01-28 19:05:09,false,true,
867,Hirsch,Blackmoor,hblackmooro2@artisteer.com,44,2010-05-05 15:11:11,71.39,2016-12-17 07:03:16,true,,
868,Lynett,Madgwick,lmadgwicko3@google.cn,95,2014-04-07 02:59:04,49.93,,true,,
869,Kellsie,Fontanet,kfontaneto4@smugmug.com,84,2025-11-30 03:59:48,51.01,,true,true,
870,Velvet,Ghent,,61,2018-11-15 03:16:36,40.75,2023-07-22 10:53:01,true,true,
871,Kevon,Lammers,klammerso6@baidu.com,22,2013-04-12 05:23:08,83.74,,true,,
872,Levey,Gilman,lgilmano7@abc.net.au,78,2015-02-03 13:59:24,62.37,2022-04-23 12:14:18,true,,
873,Bibby,Isabell,,38,2023-01-09 20:19:20,95.42,2013-01-05 18:59:37,false,,
874,Darwin,Dickins,ddickinso9@google.pl,44,2020-01-19 19:16:14,,2013-07-29 22:28:16,true,false,48951-1100
875,Cheston,Beek,cbeekoa@cocolog-nifty.com,24,2013-11-30 22:26:18,41.62,2014-04-30 03:48:08,false,false,
876,Gale,Speechley,gspeechleyob@hugedomains.com,65,2023-11-09 15:15:00,32.8,,true,false,
877,Reginald,Curle,,70,2017-01-27 22:45:06,70.47,,true,,
878,Tye,Goacher,tgoacherod@google.com,27,2022-03-25 09:25:39,20.48,2021-01-03 04:11:08,true,true,
879,Donnell,Biesinger,dbiesingeroe@shinystat.com,32,2018-07-02 12:54:06,,,false,,
880,Rubina,Swiffen,rswiffenof@china.com.cn,55,2011-05-25 03:37:58,53.79,2018-11-05 21:09:06,true,true,0206-2416
881,Skipp,Gynn,,92,2023-04-05 23:14:28,,2010-02-18 19:07:16,true,true,
882,Prentice,Vasilchikov,,77,2020-05-19 20:47:18,,2019-07-06 19:11:14,false,false,25021-136
883,Henka,Lundie,hlundieoi@wiley.com,49,2019-03-26 19:09:37,39.2,2011-05-01 04:33:13,false,,
884,Sebastian,Eccleston,,43,2010-07-12 05:36:36,52.24,2019-01-03 12:22:37,false,true,
885,Zechariah,Summerson,zsummersonok@time.com,71,2017-05-06 13:07:02,,2014-10-11 17:28:17,false,,
886,Gerty,Raund,,76,2013-08-09 18:51:53,12.95,2018-04-05 05:17:40,true,true,
887,Claudie,Drane,cdraneom@noaa.gov,19,2020-01-24 16:32:25,18.38,2025-03-24 21:45:20,false,false,
888,Katerina,Lurcock,klurcockon@parallels.com,32,2012-03-31 13:12:24,,2015-09-11 14:40:35,true,,58668-2261
889,Robbi,Matusevich,,49,2021-12-13 15:20:17,,2016-04-01 17:39:56,true,,
890,Aloin,Eagles,aeaglesop@noaa.gov,99,2013-03-07 09:41:58,,2018-03-21 18:32:24,false,false,
891,Trudi,Kilty,tkiltyoq@google.es,36,2021-09-30 09:39:22,,2023-01-18 15:09:18,true,,
892,Barth,de Mendoza,bdemendozaor@jigsy.com,56,2010-06-06 21:50:04,20.79,2022-12-22 08:41:45,true,true,
893,Cam,Noyes,cnoyesos@bbc.co.uk,26,2021-01-29 16:10:33,72.8,2019-10-10 17:15:47,true,false,
894,Chiquita,Alliband,callibandot@woothemes.com,86,2010-11-26 04:08:31,59.35,,false,false,30142-612
895,Dario,Southers,dsouthersou@usa.gov,39,2023-09-19 17:12:32,,2017-02-21 01:04:41,true,false,
896,Gabriellia,Brezlaw,,51,2025-12-15 04:13:13,80.11,2026-02-02 18:10:16,false,,
897,Jamal,Maddinon,,81,2010-06-16 21:17:33,,2016-05-11 19:19:07,true,true,
898,Kenton,MacDonnell,kmacdonnellox@desdev.cn,71,2019-12-29 06:55:55,,2014-12-11 07:48:07,true,true,
899,Justinn,Roubay,jroubayoy@mysql.com,36,2022-04-08 05:54:45,22.03,2020-10-04 04:04:20,true,,
900,Alon,Hurkett,,47,2011-09-19 17:21:55,2.63,2012-12-05 07:31:17,false,true,68391-359
901,Julina,Starford,,49,2010-03-05 13:45:30,90.84,,false,false,
902,Dyana,Gresswood,dgresswoodp1@usgs.gov,48,2017-12-17 14:25:02,69.33,2026-01-18 10:00:06,false,,
903,Gwenni,Pudner,gpudnerp2@amazon.co.jp,74,2012-08-04 09:33:18,,2021-07-11 15:47:03,false,true,
904,Sonia,Brome,sbromep3@ft.com,20,2016-07-28 14:36:04,,,false,false,
905,Paige,Godsil,pgodsilp4@reuters.com,18,2016-03-05 00:05:44,45.39,2025-05-13 02:02:59,true,,
906,Prisca,Robiou,probioup5@desdev.cn,28,2012-12-28 04:02:47,,,true,,
907,Erich,Buckenham,ebuckenhamp6@dyndns.org,35,2017-11-16 06:49:31,81.71,2022-05-09 16:55:41,false,,
908,Bonnee,Lapidus,blapidusp7@baidu.com,42,2021-05-22 04:01:55,86.96,2019-11-11 11:23:06,false,false,63304-241
909,Shepherd,Dymocke,sdymockep8@tumblr.com,53,2015-06-29 07:48:01,53.09,,false,true,
910,Melodie,Bauchop,mbauchopp9@example.com,66,2013-02-26 22:10:25,95.25,2023-10-12 23:17:27,true,false,
911,Renato,Giacomoni,rgiacomonipa@businessweek.com,95,2018-02-07 14:38:26,57.03,2024-12-20 19:48:17,false,,
912,Willi,Chetwin,wchetwinpb@wikispaces.com,97,2013-08-28 14:47:04,,2010-06-20 18:29:11,true,,
913,Bria,Marcum,bmarcumpc@netvibes.com,50,2019-08-08 08:31:50,53.4,2010-12-31 15:18:51,false,true,
914,Vanya,Barnfather,vbarnfatherpd@com.com,47,2021-01-24 00:58:20,71.99,2012-07-16 16:11:09,true,false,
915,Marchall,Yarrow,myarrowpe@feedburner.com,58,2018-11-08 17:16:47,73.04,2023-03-21 01:47:56,false,,55111-641
916,Daisi,Petera,dpeterapf@admin.ch,43,2010-09-10 07:12:01,40.15,,true,false,
917,Yehudit,Exter,yexterpg@ibm.com,43,2018-06-22 05:03:27,47.75,2015-08-10 07:40:58,true,false,
918,Theadora,Hallmark,thallmarkph@ameblo.jp,93,2017-08-23 22:35:54,,,false,true,
919,Christel,Drinkale,cdrinkalepi@simplemachines.org,54,2022-09-05 21:14:58,,2013-05-27 09:15:17,false,,
920,Maia,Borrott,mborrottpj@patch.com,65,2019-10-29 08:44:08,,,false,true,
921,Wayne,Klimkowski,wklimkowskipk@seattletimes.com,22,2013-12-02 05:55:19,25.84,2023-07-07 07:23:21,true,,
922,Laughton,Amaya,lamayapl@friendfeed.com,47,2021-02-22 07:26:33,46.36,,true,,
923,Noemi,Kilmary,nkilmarypm@utexas.edu,35,2016-06-17 09:44:56,4.02,2016-07-15 18:55:29,true,,
924,Nevins,Longbothom,nlongbothompn@google.com.br,19,2016-12-11 03:01:42,11.21,2012-11-10 12:41:18,true,,
925,Casar,Bagger,,65,2017-03-18 16:38:45,,,true,false,
926,Consuela,Crosen,ccrosenpp@answers.com,77,2018-04-13 13:33:41,,2012-11-09 00:39:16,true,false,
927,Delora,Tuohy,,81,2022-01-13 17:43:32,69.77,2020-11-08 07:34:04,false,false,
928,Robin,Nend,,54,2026-02-25 14:25:21,58.33,2011-08-17 19:48:39,true,true,
929,Guy,Chanter,,73,2012-03-16 01:32:00,75.7,2015-01-12 12:12:08,false,false,51079-149
930,Sue,Jiran,sjiranpt@theglobeandmail.com,78,2017-11-28 16:45:30,62.42,,false,,
931,Isobel,Begg,ibeggpu@tuttocitta.it,39,2021-03-14 22:07:42,59.15,,false,true,46708-087
932,Janine,Cowdray,jcowdraypv@ox.ac.uk,57,2026-03-20 14:46:25,,,true,true,
933,Athene,Scoterbosh,ascoterboshpw@nba.com,25,2016-03-04 00:12:36,,2013-01-03 09:25:23,true,,66467-3790
934,Tomi,Leynton,,64,2020-08-20 12:07:13,,,true,false,
935,Clementine,Lavalde,clavaldepy@google.fr,53,2012-09-19 05:14:19,80.81,2011-04-16 21:28:50,true,true,
936,Mitch,Balding,mbaldingpz@bloglovin.com,28,2016-03-09 01:28:05,37.1,2016-06-27 13:34:59,false,,50114-7030
937,Tiertza,Welling,twellingq0@tripadvisor.com,19,2012-09-30 02:11:55,,,true,,
938,Adolphus,Jennaway,ajennawayq1@google.nl,68,2013-10-08 03:48:33,59.04,2025-05-30 21:41:38,false,,
939,Sidonnie,McTear,,90,2010-09-17 20:22:35,,2012-02-01 17:40:00,false,,
940,Corinna,Altham,calthamq3@wikia.com,28,2018-01-27 08:21:32,23.31,2010-11-08 13:53:04,true,,
941,Albrecht,Gillmore,agillmoreq4@wikimedia.org,20,2017-08-26 22:56:39,92.16,2025-12-05 03:14:47,false,,
942,Delmor,Borgnol,dborgnolq5@addthis.com,40,2010-05-26 05:45:21,58.42,2012-02-22 00:57:27,true,true,68084-135
943,Sauveur,Posnette,,85,2024-03-06 00:53:38,47.38,2011-07-31 01:36:18,false,,
944,Denyse,Milch,,97,2024-11-09 03:28:25,,2012-02-11 13:57:45,false,false,
945,Linnie,Piddle,lpiddleq8@naver.com,44,2024-04-08 22:23:59,49.4,2021-09-08 02:51:05,false,,
946,Ethel,Chillcot,,70,2016-11-27 15:35:45,91.63,2022-08-18 23:40:45,true,,43269-658
947,Emera,Watkiss,ewatkissqa@nasa.gov,38,2022-09-01 22:56:35,43.2,2020-01-31 15:12:30,false,true,
948,Graeme,Symms,gsymmsqb@springer.com,47,2015-05-05 20:51:50,69.72,2023-05-02 00:12:12,false,false,
949,Hershel,Temporal,,60,2014-05-18 11:12:13,,,false,true,43742-0103
950,Billy,Jamison,bjamisonqd@infoseek.co.jp,18,2010-03-27 01:50:49,45.98,2020-01-01 13:51:51,false,false,43269-787
951,Kahaleel,Swales,kswalesqe@tmall.com,98,2013-07-05 23:10:58,,,true,false,43598-166
952,Hasty,Biswell,,77,2020-10-05 19:12:35,26.41,,false,,
953,Malcolm,Duinkerk,mduinkerkqg@ning.com,86,2023-10-16 06:27:29,55.03,,true,,
954,Shannah,Backler,sbacklerqh@un.org,27,2019-10-22 22:47:16,,2010-10-20 03:27:04,false,true,
955,Simonne,Myall,smyallqi@marriott.com,90,2013-04-11 22:38:35,41.21,2018-05-10 01:29:05,false,true,
956,Christalle,Picopp,,82,2017-10-24 19:24:46,28.63,2015-07-07 04:23:03,true,,
957,Calley,Cosby,,97,2011-07-24 18:13:52,35.49,2015-11-02 11:43:31,false,,
958,Roch,Cato,rcatoql@dyndns.org,63,2013-12-09 13:44:08,,2019-10-23 03:05:25,true,true,
959,Brandtr,Rosenblum,brosenblumqm@sohu.com,73,2013-09-28 19:45:42,,2014-03-20 02:31:31,true,false,49349-213
960,Herrick,Gerb,hgerbqn@netvibes.com,36,2013-05-27 21:52:39,15.42,2010-11-09 19:41:13,false,true,
961,Omar,Doniso,,44,2017-06-04 20:33:57,13.06,2023-09-24 00:01:54,false,true,
962,Angy,Fancourt,afancourtqp@domainmarket.com,70,2024-10-29 10:57:41,,,false,false,
963,Karoly,Fairburne,kfairburneqq@imageshack.us,45,2019-07-31 22:30:39,60.31,2021-11-12 23:18:29,false,true,
964,Kamillah,Cruttenden,kcruttendenqr@dailymotion.com,41,2018-07-25 09:55:06,61.26,,true,,
965,Olag,Phinnis,ophinnisqs@nps.gov,87,2014-06-20 20:31:06,19.82,,true,,
966,Hilarius,Oldrey,holdreyqt@bbb.org,56,2010-09-19 03:07:37,77.2,2011-07-23 16:16:51,false,false,60681-1294
967,Darda,Laughton,dlaughtonqu@google.co.uk,99,2023-12-29 14:53:30,38.92,2023-12-01 11:08:23,false,,57520-0645
968,Kathleen,Rawood,krawoodqv@is.gd,89,2024-08-26 08:15:34,68.95,2022-04-11 09:47:18,true,,
969,Celene,Mallabund,,75,2021-08-15 14:06:37,,2017-04-23 08:07:43,false,,46287-009
970,Hermann,Pestell,,67,2011-11-06 13:33:54,98.72,2012-01-10 21:07:09,false,false,
971,Novelia,Furney,nfurneyqy@mit.edu,70,2021-07-14 01:36:41,,,false,true,
972,Marybeth,Avory,mavoryqz@imgur.com,81,2020-12-04 09:13:53,,,false,true,10237-752
973,Sophey,Berrycloth,sberryclothr0@odnoklassniki.ru,68,2022-02-08 19:11:11,71.13,2024-05-27 16:07:33,true,,
974,Breena,Kolin,bkolinr1@blogs.com,53,2012-05-28 06:02:33,52.81,2024-01-28 01:29:11,true,true,52125-762
975,Calla,Ofen,cofenr2@craigslist.org,55,2019-06-05 06:44:48,80.25,,true,false,
976,Jeramey,Portt,jporttr3@hao123.com,87,2026-02-04 20:20:46,33.08,2018-01-30 00:50:45,false,,
977,Rudolf,Labone,,49,2022-12-02 18:26:02,3.78,,false,,63621-355
978,Felicity,Stenbridge,fstenbridger5@nasa.gov,62,2014-07-18 22:02:53,,,true,true,41190-477
979,Paxton,Wickendon,,58,2020-04-26 22:54:44,37.58,2013-10-20 01:38:53,true,true,
980,Abagael,June,ajuner7@blogs.com,51,2018-07-23 23:52:38,,2023-05-17 21:06:34,false,,
981,Brita,Nealand,bnealandr8@blogtalkradio.com,68,2023-08-30 09:38:41,,,false,,36987-2917
982,Marcille,Felderer,,99,2024-06-14 18:59:09,,2016-10-31 13:15:00,true,false,10056-710
983,Joyann,Rennocks,jrennocksra@statcounter.com,78,2020-10-26 17:38:49,4.21,2024-10-19 01:57:31,true,false,49288-0314
984,Eunice,Dunstone,edunstonerb@jigsy.com,57,2022-10-28 18:09:03,,,false,true,0517-1905
985,Kirby,Volkes,kvolkesrc@youtu.be,33,2017-01-02 10:49:37,24.61,2024-05-06 17:22:39,true,,55301-379
986,Zia,Cohrs,zcohrsrd@engadget.com,96,2010-04-20 13:07:42,67.39,2024-09-07 22:36:04,true,true,25021-601
987,Claudine,Maddigan,,31,2023-10-29 18:50:25,,2025-05-08 14:24:29,true,false,63629-1610
988,Morly,Ratledge,,83,2014-01-14 09:05:13,,2025-05-22 07:01:43,true,,64942-1178
989,Beaufort,Browett,bbrowettrg@imdb.com,72,2021-04-04 09:23:26,24.35,2010-11-16 06:32:41,false,false,
990,Legra,Bartke,lbartkerh@bandcamp.com,25,2012-05-25 00:59:50,40.83,2024-01-01 00:52:30,false,,
991,Stan,Baiden,sbaidenri@baidu.com,38,2020-03-08 23:32:32,80.53,2026-04-30 14:32:04,true,true,25021-140
992,Bianca,Deighton,bdeightonrj@bandcamp.com,31,2015-07-09 10:11:15,,,true,,65044-2213
993,Gussi,Dauby,,82,2022-01-22 13:36:53,64.68,2012-03-24 02:30:08,false,false,
994,Brinna,Spire,bspirerl@home.pl,79,2023-10-28 14:29:58,,,false,false,
995,Lulu,Novacek,lnovacekrm@tinypic.com,58,2026-04-12 02:14:30,,2022-03-28 10:00:24,false,false,
996,Rae,Hibbart,,98,2022-02-08 19:39:14,,2017-06-01 00:49:03,false,true,
997,Dorene,Morteo,,63,2021-11-01 03:05:38,93.87,2025-02-24 15:53:18,false,true,
998,Craig,Lynskey,clynskeyrp@scribd.com,43,2011-01-07 21:12:17,71.81,2019-06-15 19:35:46,false,false,48951-8169
999,Elliot,Oland,eolandrq@spotify.com,20,2010-11-28 11:26:29,3.77,2011-07-21 04:10:28,true,,
1000,Hugues,Belison,hbelisonrr@prnewswire.com,35,2024-03-01 08:37:36,13.0,2013-01-19 17:49:06,true,true,
